input_rate_hz,output_rate_hz,frequency_hz,channel,gain_db,residual_dbfs,residual_dbc
44100,48000,20.000000,0,-0.000000096,-143.081,-137.060
44100,48000,20.000000,1,-0.000000009,-143.267,-137.247
44100,48000,20.289904,0,-0.000000032,-143.191,-137.171
44100,48000,20.289904,1,-0.000000022,-143.108,-137.087
44100,48000,20.584011,0,-0.000000054,-143.216,-137.195
44100,48000,20.584011,1,-0.000000073,-142.980,-136.959
44100,48000,20.882380,0,-0.000000031,-143.100,-137.080
44100,48000,20.882380,1,-0.000000040,-142.912,-136.891
44100,48000,21.185075,0,-0.000000035,-142.947,-136.926
44100,48000,21.185075,1,-0.000000048,-143.066,-137.046
44100,48000,21.492157,0,-0.000000057,-142.993,-136.972
44100,48000,21.492157,1,-0.000000067,-143.168,-137.147
44100,48000,21.803690,0,-0.000000085,-143.029,-137.008
44100,48000,21.803690,1,-0.000000048,-143.117,-137.097
44100,48000,22.119739,0,-0.000000068,-143.151,-137.131
44100,48000,22.119739,1,-0.000000038,-142.971,-136.951
44100,48000,22.440369,0,-0.000000029,-143.279,-137.258
44100,48000,22.440369,1,-0.000000029,-143.053,-137.033
44100,48000,22.765647,0,-0.000000054,-143.146,-137.125
44100,48000,22.765647,1,-0.000000071,-142.993,-136.972
44100,48000,23.095640,0,-0.000000072,-143.178,-137.157
44100,48000,23.095640,1,-0.000000069,-143.025,-137.005
44100,48000,23.430416,0,-0.000000068,-143.058,-137.037
44100,48000,23.430416,1,-0.000000038,-143.039,-137.018
44100,48000,23.770045,0,-0.000000080,-143.224,-137.203
44100,48000,23.770045,1,-0.000000051,-143.132,-137.111
44100,48000,24.114596,0,-0.000000049,-142.944,-136.924
44100,48000,24.114596,1,-0.000000061,-143.166,-137.145
44100,48000,24.464142,0,-0.000000081,-143.181,-137.160
44100,48000,24.464142,1,-0.000000040,-143.091,-137.071
44100,48000,24.818755,0,-0.000000089,-142.988,-136.967
44100,48000,24.818755,1,-0.000000072,-143.037,-137.016
44100,48000,25.178508,0,-0.000000101,-142.968,-136.947
44100,48000,25.178508,1,-0.000000088,-143.150,-137.129
44100,48000,25.543476,0,-0.000000077,-142.868,-136.848
44100,48000,25.543476,1,-0.000000047,-143.137,-137.116
44100,48000,25.913734,0,-0.000000061,-142.897,-136.876
44100,48000,25.913734,1,-0.000000072,-143.177,-137.156
44100,48000,26.289359,0,-0.000000052,-142.959,-136.938
44100,48000,26.289359,1,-0.000000055,-143.064,-137.044
44100,48000,26.670429,0,-0.000000058,-143.130,-137.109
44100,48000,26.670429,1,-0.000000043,-143.104,-137.084
44100,48000,27.057022,0,-0.000000073,-143.091,-137.071
44100,48000,27.057022,1,-0.000000042,-143.121,-137.100
44100,48000,27.449219,0,-0.000000041,-142.961,-136.940
44100,48000,27.449219,1,-0.000000071,-143.240,-137.219
44100,48000,27.847101,0,-0.000000046,-142.916,-136.896
44100,48000,27.847101,1,-0.000000052,-143.183,-137.162
44100,48000,28.250751,0,-0.000000069,-143.043,-137.022
44100,48000,28.250751,1,-0.000000058,-142.991,-136.971
44100,48000,28.660251,0,-0.000000065,-143.222,-137.201
44100,48000,28.660251,1,-0.000000078,-143.128,-137.107
44100,48000,29.075688,0,-0.000000081,-142.935,-136.914
44100,48000,29.075688,1,-0.000000077,-143.052,-137.031
44100,48000,29.497146,0,-0.000000043,-143.080,-137.060
44100,48000,29.497146,1,-0.000000046,-142.931,-136.911
44100,48000,29.924713,0,-0.000000026,-143.061,-137.041
44100,48000,29.924713,1,-0.000000061,-142.983,-136.963
44100,48000,30.358478,0,-0.000000033,-143.139,-137.119
44100,48000,30.358478,1,-0.000000043,-142.996,-136.976
44100,48000,30.798531,0,-0.000000051,-143.164,-137.144
44100,48000,30.798531,1,-0.000000038,-142.947,-136.926
44100,48000,31.244962,0,-0.000000011,-143.147,-137.126
44100,48000,31.244962,1,-0.000000038,-142.969,-136.949
44100,48000,31.697864,0,-0.000000035,-143.029,-137.008
44100,48000,31.697864,1,-0.000000031,-142.986,-136.965
44100,48000,32.157331,0,-0.000000053,-142.832,-136.812
44100,48000,32.157331,1,-0.000000050,-142.996,-136.975
44100,48000,32.623458,0,-0.000000040,-143.036,-137.015
44100,48000,32.623458,1,-0.000000047,-142.982,-136.961
44100,48000,33.096342,0,-0.000000039,-143.058,-137.037
44100,48000,33.096342,1,-0.000000034,-143.070,-137.049
44100,48000,33.576080,0,-0.000000043,-142.889,-136.869
44100,48000,33.576080,1,-0.000000048,-142.959,-136.938
44100,48000,34.062773,0,-0.000000026,-142.922,-136.901
44100,48000,34.062773,1,-0.000000075,-143.057,-137.036
44100,48000,34.556520,0,-0.000000046,-142.958,-136.938
44100,48000,34.556520,1,-0.000000063,-143.045,-137.025
44100,48000,35.057424,0,-0.000000041,-142.975,-136.955
44100,48000,35.057424,1,-0.000000052,-143.062,-137.042
44100,48000,35.565588,0,-0.000000060,-142.871,-136.850
44100,48000,35.565588,1,-0.000000044,-143.042,-137.022
44100,48000,36.081119,0,-0.000000058,-142.976,-136.956
44100,48000,36.081119,1,-0.000000031,-142.986,-136.965
44100,48000,36.604122,0,-0.000000053,-143.134,-137.113
44100,48000,36.604122,1,-0.000000016,-143.048,-137.027
44100,48000,37.134706,0,-0.000000064,-142.999,-136.978
44100,48000,37.134706,1,-0.000000059,-143.052,-137.032
44100,48000,37.672982,0,-0.000000070,-142.953,-136.933
44100,48000,37.672982,1,-0.000000056,-142.933,-136.912
44100,48000,38.219059,0,-0.000000049,-142.875,-136.854
44100,48000,38.219059,1,-0.000000048,-142.955,-136.934
44100,48000,38.773053,0,-0.000000052,-142.969,-136.949
44100,48000,38.773053,1,-0.000000044,-142.903,-136.882
44100,48000,39.335076,0,-0.000000082,-142.908,-136.888
44100,48000,39.335076,1,-0.000000072,-142.925,-136.905
44100,48000,39.905246,0,-0.000000044,-142.938,-136.917
44100,48000,39.905246,1,-0.000000031,-142.906,-136.885
44100,48000,40.483681,0,-0.000000074,-142.957,-136.936
44100,48000,40.483681,1,-0.000000044,-142.945,-136.924
44100,48000,41.070501,0,-0.000000053,-142.801,-136.780
44100,48000,41.070501,1,-0.000000074,-142.918,-136.897
44100,48000,41.665826,0,-0.000000054,-143.000,-136.980
44100,48000,41.665826,1,-0.000000045,-143.004,-136.984
44100,48000,42.269781,0,-0.000000056,-142.838,-136.817
44100,48000,42.269781,1,-0.000000061,-142.935,-136.914
44100,48000,42.882490,0,-0.000000053,-143.005,-136.985
44100,48000,42.882490,1,-0.000000064,-142.818,-136.798
44100,48000,43.504081,0,-0.000000049,-142.912,-136.891
44100,48000,43.504081,1,-0.000000039,-143.066,-137.045
44100,48000,44.134681,0,-0.000000072,-142.930,-136.909
44100,48000,44.134681,1,-0.000000036,-142.980,-136.960
44100,48000,44.774423,0,-0.000000044,-142.974,-136.954
44100,48000,44.774423,1,-0.000000059,-143.008,-136.987
44100,48000,45.423437,0,-0.000000057,-142.822,-136.801
44100,48000,45.423437,1,-0.000000055,-142.950,-136.930
44100,48000,46.081860,0,-0.000000059,-142.860,-136.839
44100,48000,46.081860,1,-0.000000102,-142.947,-136.926
44100,48000,46.749826,0,-0.000000042,-142.805,-136.785
44100,48000,46.749826,1,-0.000000055,-142.803,-136.782
44100,48000,47.427474,0,-0.000000060,-142.938,-136.918
44100,48000,47.427474,1,-0.000000045,-142.800,-136.779
44100,48000,48.114945,0,-0.000000046,-142.856,-136.835
44100,48000,48.114945,1,-0.000000054,-142.970,-136.950
44100,48000,48.812381,0,-0.000000051,-142.862,-136.842
44100,48000,48.812381,1,-0.000000048,-142.818,-136.797
44100,48000,49.519927,0,-0.000000061,-142.816,-136.795
44100,48000,49.519927,1,-0.000000066,-142.870,-136.849
44100,48000,50.237729,0,-0.000000041,-143.025,-137.004
44100,48000,50.237729,1,-0.000000047,-142.775,-136.754
44100,48000,50.965935,0,-0.000000034,-142.825,-136.804
44100,48000,50.965935,1,-0.000000024,-143.079,-137.058
44100,48000,51.704697,0,-0.000000077,-142.705,-136.684
44100,48000,51.704697,1,-0.000000025,-142.858,-136.838
44100,48000,52.454167,0,-0.000000009,-142.902,-136.881
44100,48000,52.454167,1,-0.000000011,-142.935,-136.915
44100,48000,53.214501,0,-0.000000071,-142.848,-136.828
44100,48000,53.214501,1,-0.000000041,-142.823,-136.802
44100,48000,53.985856,0,-0.000000075,-142.742,-136.722
44100,48000,53.985856,1,-0.000000030,-142.884,-136.864
44100,48000,54.768393,0,-0.000000045,-142.841,-136.821
44100,48000,54.768393,1,-0.000000040,-142.802,-136.782
44100,48000,55.562272,0,-0.000000054,-142.816,-136.795
44100,48000,55.562272,1,-0.000000055,-142.827,-136.807
44100,48000,56.367659,0,-0.000000043,-142.882,-136.861
44100,48000,56.367659,1,-0.000000047,-142.770,-136.749
44100,48000,57.184720,0,-0.000000059,-142.853,-136.832
44100,48000,57.184720,1,-0.000000008,-142.737,-136.717
44100,48000,58.013624,0,-0.000000045,-142.822,-136.801
44100,48000,58.013624,1,-0.000000032,-142.738,-136.717
44100,48000,58.854544,0,-0.000000040,-142.708,-136.688
44100,48000,58.854544,1,-0.000000077,-142.667,-136.647
44100,48000,59.707652,0,-0.000000061,-142.729,-136.709
44100,48000,59.707652,1,-0.000000071,-142.751,-136.730
44100,48000,60.573127,0,-0.000000042,-142.734,-136.713
44100,48000,60.573127,1,-0.000000051,-142.703,-136.682
44100,48000,61.451147,0,-0.000000049,-142.759,-136.738
44100,48000,61.451147,1,-0.000000039,-142.752,-136.731
44100,48000,62.341894,0,-0.000000036,-142.776,-136.755
44100,48000,62.341894,1,-0.000000018,-142.709,-136.689
44100,48000,63.245553,0,-0.000000052,-142.797,-136.776
44100,48000,63.245553,1,-0.000000059,-142.638,-136.618
44100,48000,64.162311,0,-0.000000032,-142.685,-136.664
44100,48000,64.162311,1,-0.000000024,-142.762,-136.741
44100,48000,65.092357,0,-0.000000013,-142.635,-136.615
44100,48000,65.092357,1,-0.000000045,-142.812,-136.792
44100,48000,66.035884,0,-0.000000049,-142.610,-136.589
44100,48000,66.035884,1,-0.000000062,-142.586,-136.566
44100,48000,66.993088,0,-0.000000035,-142.621,-136.601
44100,48000,66.993088,1,-0.000000052,-142.692,-136.671
44100,48000,67.964167,0,-0.000000042,-142.648,-136.627
44100,48000,67.964167,1,-0.000000031,-142.662,-136.642
44100,48000,68.949321,0,-0.000000043,-142.601,-136.581
44100,48000,68.949321,1,-0.000000005,-142.640,-136.619
44100,48000,69.948756,0,-0.000000030,-142.769,-136.749
44100,48000,69.948756,1,-0.000000034,-142.626,-136.606
44100,48000,70.962678,0,-0.000000033,-142.572,-136.552
44100,48000,70.962678,1,-0.000000055,-142.592,-136.571
44100,48000,71.991297,0,-0.000000032,-142.532,-136.511
44100,48000,71.991297,1,-0.000000052,-142.488,-136.468
44100,48000,73.034825,0,-0.000000007,-142.508,-136.488
44100,48000,73.034825,1,-0.000000024,-142.670,-136.649
44100,48000,74.093480,0,-0.000000054,-142.435,-136.414
44100,48000,74.093480,1,-0.000000055,-142.563,-136.542
44100,48000,75.167481,0,-0.000000018,-142.605,-136.585
44100,48000,75.167481,1,-0.000000017,-142.489,-136.469
44100,48000,76.257049,0,-0.000000052,-142.516,-136.496
44100,48000,76.257049,1,-0.000000060,-142.604,-136.583
44100,48000,77.362411,0,-0.000000040,-142.475,-136.454
44100,48000,77.362411,1,-0.000000077,-142.608,-136.587
44100,48000,78.483795,0,-0.000000009,-142.551,-136.530
44100,48000,78.483795,1,-0.000000058,-142.470,-136.450
44100,48000,79.621434,0,-0.000000055,-142.650,-136.630
44100,48000,79.621434,1,-0.000000021,-142.525,-136.505
44100,48000,80.775563,0,-0.000000053,-142.571,-136.551
44100,48000,80.775563,1,0.000000013,-142.351,-136.331
44100,48000,81.946422,0,-0.000000049,-142.487,-136.467
44100,48000,81.946422,1,-0.000000021,-142.479,-136.459
44100,48000,83.134252,0,-0.000000038,-142.612,-136.592
44100,48000,83.134252,1,-0.000000047,-142.579,-136.558
44100,48000,84.339301,0,-0.000000036,-142.442,-136.421
44100,48000,84.339301,1,-0.000000012,-142.548,-136.527
44100,48000,85.561816,0,0.000000008,-142.420,-136.400
44100,48000,85.561816,1,-0.000000021,-142.456,-136.435
44100,48000,86.802053,0,0.000000021,-142.438,-136.417
44100,48000,86.802053,1,-0.000000011,-142.435,-136.414
44100,48000,88.060267,0,-0.000000032,-142.333,-136.312
44100,48000,88.060267,1,0.000000025,-142.407,-136.387
44100,48000,89.336718,0,-0.000000021,-142.455,-136.434
44100,48000,89.336718,1,-0.000000042,-142.396,-136.376
44100,48000,90.631673,0,0.000000009,-142.445,-136.424
44100,48000,90.631673,1,0.000000018,-142.383,-136.363
44100,48000,91.945398,0,-0.000000035,-142.354,-136.334
44100,48000,91.945398,1,0.000000001,-142.405,-136.384
44100,48000,93.278165,0,-0.000000039,-142.353,-136.332
44100,48000,93.278165,1,-0.000000054,-142.400,-136.379
44100,48000,94.630252,0,-0.000000034,-142.343,-136.322
44100,48000,94.630252,1,-0.000000031,-142.356,-136.335
44100,48000,96.001937,0,-0.000000015,-142.306,-136.285
44100,48000,96.001937,1,-0.000000043,-142.370,-136.350
44100,48000,97.393505,0,0.000000002,-142.394,-136.373
44100,48000,97.393505,1,-0.000000031,-142.372,-136.351
44100,48000,98.805244,0,-0.000000052,-142.294,-136.273
44100,48000,98.805244,1,-0.000000013,-142.328,-136.307
44100,48000,100.237447,0,0.000000008,-142.339,-136.318
44100,48000,100.237447,1,-0.000000001,-142.358,-136.337
44100,48000,101.690409,0,-0.000000035,-142.422,-136.401
44100,48000,101.690409,1,-0.000000030,-142.278,-136.257
44100,48000,103.164433,0,-0.000000041,-142.306,-136.285
44100,48000,103.164433,1,-0.000000011,-142.257,-136.237
44100,48000,104.659823,0,-0.000000019,-142.158,-136.138
44100,48000,104.659823,1,-0.000000024,-142.346,-136.325
44100,48000,106.176889,0,-0.000000041,-142.297,-136.276
44100,48000,106.176889,1,-0.000000050,-142.324,-136.304
44100,48000,107.715945,0,0.000000017,-142.285,-136.265
44100,48000,107.715945,1,0.000000000,-142.213,-136.192
44100,48000,109.277310,0,-0.000000031,-142.262,-136.241
44100,48000,109.277310,1,-0.000000002,-142.244,-136.224
44100,48000,110.861307,0,-0.000000018,-142.233,-136.213
44100,48000,110.861307,1,-0.000000024,-142.406,-136.386
44100,48000,112.468265,0,-0.000000021,-142.177,-136.156
44100,48000,112.468265,1,-0.000000003,-142.246,-136.225
44100,48000,114.098516,0,-0.000000016,-142.206,-136.186
44100,48000,114.098516,1,0.000000007,-142.262,-136.241
44100,48000,115.752398,0,-0.000000022,-142.248,-136.227
44100,48000,115.752398,1,0.000000014,-142.182,-136.161
44100,48000,117.430253,0,0.000000022,-142.221,-136.200
44100,48000,117.430253,1,0.000000019,-142.365,-136.344
44100,48000,119.132429,0,-0.000000003,-142.131,-136.111
44100,48000,119.132429,1,-0.000000038,-142.140,-136.120
44100,48000,120.859278,0,-0.000000012,-142.167,-136.146
44100,48000,120.859278,1,0.000000011,-142.128,-136.108
44100,48000,122.611158,0,0.000000031,-142.114,-136.093
44100,48000,122.611158,1,-0.000000035,-142.314,-136.294
44100,48000,124.388433,0,-0.000000022,-142.226,-136.205
44100,48000,124.388433,1,0.000000031,-142.133,-136.113
44100,48000,126.191469,0,-0.000000003,-142.177,-136.156
44100,48000,126.191469,1,0.000000017,-142.222,-136.202
44100,48000,128.020640,0,-0.000000012,-142.164,-136.143
44100,48000,128.020640,1,-0.000000029,-142.223,-136.202
44100,48000,129.876326,0,-0.000000004,-142.167,-136.146
44100,48000,129.876326,1,0.000000060,-142.114,-136.094
44100,48000,131.758911,0,0.000000013,-142.285,-136.264
44100,48000,131.758911,1,0.000000031,-142.222,-136.202
44100,48000,133.668784,0,-0.000000029,-142.209,-136.189
44100,48000,133.668784,1,-0.000000025,-142.106,-136.085
44100,48000,135.606340,0,0.000000039,-142.192,-136.172
44100,48000,135.606340,1,-0.000000002,-142.226,-136.205
44100,48000,137.571982,0,0.000000040,-142.203,-136.183
44100,48000,137.571982,1,0.000000028,-142.240,-136.220
44100,48000,139.566117,0,0.000000021,-142.172,-136.151
44100,48000,139.566117,1,0.000000016,-142.232,-136.212
44100,48000,141.589157,0,0.000000030,-142.160,-136.139
44100,48000,141.589157,1,0.000000033,-142.157,-136.137
44100,48000,143.641521,0,0.000000006,-142.183,-136.162
44100,48000,143.641521,1,0.000000015,-142.177,-136.156
44100,48000,145.723635,0,0.000000043,-142.194,-136.173
44100,48000,145.723635,1,0.000000006,-142.150,-136.129
44100,48000,147.835929,0,0.000000012,-142.076,-136.056
44100,48000,147.835929,1,0.000000001,-142.154,-136.133
44100,48000,149.978842,0,0.000000053,-142.209,-136.189
44100,48000,149.978842,1,-0.000000027,-142.268,-136.247
44100,48000,152.152816,0,0.000000022,-142.296,-136.275
44100,48000,152.152816,1,0.000000021,-142.231,-136.211
44100,48000,154.358303,0,0.000000058,-142.159,-136.138
44100,48000,154.358303,1,0.000000044,-142.157,-136.136
44100,48000,156.595759,0,0.000000022,-142.164,-136.143
44100,48000,156.595759,1,0.000000004,-142.296,-136.275
44100,48000,158.865647,0,0.000000018,-142.264,-136.243
44100,48000,158.865647,1,0.000000032,-142.239,-136.219
44100,48000,161.168438,0,0.000000027,-142.200,-136.179
44100,48000,161.168438,1,0.000000034,-142.251,-136.230
44100,48000,163.504608,0,0.000000052,-142.281,-136.261
44100,48000,163.504608,1,0.000000015,-142.096,-136.075
44100,48000,165.874641,0,0.000000019,-142.266,-136.245
44100,48000,165.874641,1,0.000000010,-142.291,-136.271
44100,48000,168.279028,0,0.000000060,-142.336,-136.315
44100,48000,168.279028,1,0.000000064,-142.272,-136.252
44100,48000,170.718268,0,0.000000028,-142.263,-136.242
44100,48000,170.718268,1,-0.000000003,-142.347,-136.327
44100,48000,173.192865,0,0.000000064,-142.307,-136.286
44100,48000,173.192865,1,0.000000044,-142.290,-136.269
44100,48000,175.703331,0,0.000000061,-142.369,-136.349
44100,48000,175.703331,1,0.000000059,-142.267,-136.246
44100,48000,178.250188,0,0.000000045,-142.322,-136.301
44100,48000,178.250188,1,0.000000031,-142.480,-136.459
44100,48000,180.833961,0,0.000000076,-142.326,-136.306
44100,48000,180.833961,1,0.000000039,-142.356,-136.335
44100,48000,183.455187,0,0.000000047,-142.354,-136.333
44100,48000,183.455187,1,0.000000041,-142.424,-136.404
44100,48000,186.114408,0,0.000000044,-142.526,-136.505
44100,48000,186.114408,1,0.000000072,-142.416,-136.395
44100,48000,188.812175,0,0.000000067,-142.458,-136.438
44100,48000,188.812175,1,0.000000025,-142.303,-136.282
44100,48000,191.549047,0,0.000000047,-142.400,-136.379
44100,48000,191.549047,1,0.000000045,-142.472,-136.451
44100,48000,194.325590,0,0.000000040,-142.531,-136.511
44100,48000,194.325590,1,0.000000063,-142.558,-136.537
44100,48000,197.142380,0,0.000000046,-142.456,-136.435
44100,48000,197.142380,1,0.000000063,-142.649,-136.629
44100,48000,200.000000,0,0.000000085,-142.681,-136.660
44100,48000,200.000000,1,0.000000110,-142.411,-136.390
44100,48000,202.899042,0,0.000000046,-142.567,-136.546
44100,48000,202.899042,1,0.000000044,-142.570,-136.549
44100,48000,205.840105,0,0.000000065,-142.587,-136.566
44100,48000,205.840105,1,0.000000036,-142.553,-136.533
44100,48000,208.823801,0,0.000000073,-142.673,-136.652
44100,48000,208.823801,1,0.000000078,-142.658,-136.637
44100,48000,211.850745,0,0.000000065,-142.648,-136.627
44100,48000,211.850745,1,0.000000071,-142.642,-136.621
44100,48000,214.921566,0,0.000000068,-142.668,-136.647
44100,48000,214.921566,1,0.000000105,-142.828,-136.808
44100,48000,218.036898,0,0.000000086,-142.753,-136.733
44100,48000,218.036898,1,0.000000088,-142.675,-136.654
44100,48000,221.197389,0,0.000000068,-142.640,-136.619
44100,48000,221.197389,1,0.000000085,-142.840,-136.819
44100,48000,224.403691,0,0.000000070,-142.868,-136.848
44100,48000,224.403691,1,0.000000107,-142.960,-136.940
44100,48000,227.656469,0,0.000000067,-143.020,-137.000
44100,48000,227.656469,1,0.000000095,-143.030,-137.009
44100,48000,230.956397,0,0.000000102,-142.916,-136.895
44100,48000,230.956397,1,0.000000058,-142.966,-136.945
44100,48000,234.304158,0,0.000000103,-142.873,-136.853
44100,48000,234.304158,1,0.000000098,-142.868,-136.848
44100,48000,237.700445,0,0.000000074,-142.914,-136.894
44100,48000,237.700445,1,0.000000056,-142.967,-136.946
44100,48000,241.145963,0,0.000000067,-143.045,-137.024
44100,48000,241.145963,1,0.000000107,-142.929,-136.908
44100,48000,244.641424,0,0.000000062,-143.093,-137.072
44100,48000,244.641424,1,0.000000069,-143.143,-137.123
44100,48000,248.187552,0,0.000000090,-143.150,-137.129
44100,48000,248.187552,1,0.000000089,-143.068,-137.048
44100,48000,251.785082,0,0.000000111,-143.010,-136.990
44100,48000,251.785082,1,0.000000091,-143.163,-137.142
44100,48000,255.434760,0,0.000000064,-143.039,-137.019
44100,48000,255.434760,1,0.000000124,-143.058,-137.037
44100,48000,259.137340,0,0.000000130,-143.196,-137.176
44100,48000,259.137340,1,0.000000092,-143.180,-137.159
44100,48000,262.893589,0,0.000000066,-143.305,-137.285
44100,48000,262.893589,1,0.000000062,-143.237,-137.216
44100,48000,266.704286,0,0.000000088,-143.148,-137.127
44100,48000,266.704286,1,0.000000075,-143.227,-137.206
44100,48000,270.570221,0,0.000000087,-143.187,-137.166
44100,48000,270.570221,1,0.000000116,-143.193,-137.172
44100,48000,274.492192,0,0.000000123,-143.157,-137.137
44100,48000,274.492192,1,0.000000117,-143.232,-137.211
44100,48000,278.471014,0,0.000000107,-143.034,-137.014
44100,48000,278.471014,1,0.000000099,-143.246,-137.226
44100,48000,282.507509,0,0.000000094,-143.133,-137.112
44100,48000,282.507509,1,0.000000085,-143.207,-137.186
44100,48000,286.602514,0,0.000000098,-143.174,-137.153
44100,48000,286.602514,1,0.000000086,-143.170,-137.150
44100,48000,290.756877,0,0.000000140,-143.214,-137.193
44100,48000,290.756877,1,0.000000109,-143.042,-137.022
44100,48000,294.971459,0,0.000000110,-143.131,-137.111
44100,48000,294.971459,1,0.000000133,-143.035,-137.015
44100,48000,299.247131,0,0.000000127,-143.179,-137.158
44100,48000,299.247131,1,0.000000099,-143.079,-137.058
44100,48000,303.584781,0,0.000000107,-143.115,-137.095
44100,48000,303.584781,1,0.000000072,-143.229,-137.209
44100,48000,307.985305,0,0.000000089,-143.165,-137.144
44100,48000,307.985305,1,0.000000117,-143.051,-137.030
44100,48000,312.449616,0,0.000000106,-143.088,-137.068
44100,48000,312.449616,1,0.000000072,-143.152,-137.132
44100,48000,316.978638,0,0.000000108,-143.034,-137.013
44100,48000,316.978638,1,0.000000079,-143.013,-136.992
44100,48000,321.573310,0,0.000000088,-142.912,-136.892
44100,48000,321.573310,1,0.000000124,-142.913,-136.892
44100,48000,326.234582,0,0.000000122,-143.115,-137.094
44100,48000,326.234582,1,0.000000067,-142.883,-136.863
44100,48000,330.963420,0,0.000000101,-142.824,-136.803
44100,48000,330.963420,1,0.000000110,-142.857,-136.837
44100,48000,335.760804,0,0.000000105,-142.905,-136.884
44100,48000,335.760804,1,0.000000081,-142.698,-136.677
44100,48000,340.627726,0,0.000000099,-142.787,-136.766
44100,48000,340.627726,1,0.000000084,-142.834,-136.814
44100,48000,345.565196,0,0.000000096,-142.661,-136.640
44100,48000,345.565196,1,0.000000059,-142.735,-136.714
44100,48000,350.574236,0,0.000000089,-142.684,-136.663
44100,48000,350.574236,1,0.000000114,-142.675,-136.655
44100,48000,355.655882,0,0.000000090,-142.629,-136.608
44100,48000,355.655882,1,0.000000102,-142.630,-136.610
44100,48000,360.811188,0,0.000000068,-142.485,-136.464
44100,48000,360.811188,1,0.000000105,-142.546,-136.525
44100,48000,366.041221,0,0.000000075,-142.416,-136.396
44100,48000,366.041221,1,0.000000069,-142.651,-136.630
44100,48000,371.347065,0,0.000000051,-142.386,-136.365
44100,48000,371.347065,1,0.000000067,-142.508,-136.487
44100,48000,376.729818,0,0.000000044,-142.363,-136.342
44100,48000,376.729818,1,0.000000070,-142.342,-136.322
44100,48000,382.190595,0,0.000000042,-142.337,-136.316
44100,48000,382.190595,1,0.000000098,-142.268,-136.247
44100,48000,387.730527,0,0.000000053,-142.423,-136.402
44100,48000,387.730527,1,0.000000023,-142.417,-136.397
44100,48000,393.350762,0,0.000000087,-142.288,-136.267
44100,48000,393.350762,1,0.000000066,-142.272,-136.251
44100,48000,399.052463,0,0.000000068,-142.237,-136.216
44100,48000,399.052463,1,0.000000088,-142.213,-136.193
44100,48000,404.836811,0,0.000000030,-142.251,-136.230
44100,48000,404.836811,1,0.000000071,-142.301,-136.280
44100,48000,410.705005,0,0.000000056,-142.254,-136.234
44100,48000,410.705005,1,0.000000012,-142.187,-136.167
44100,48000,416.658260,0,0.000000079,-142.188,-136.168
44100,48000,416.658260,1,0.000000017,-142.241,-136.220
44100,48000,422.697808,0,0.000000075,-142.188,-136.167
44100,48000,422.697808,1,0.000000040,-142.328,-136.307
44100,48000,428.824901,0,0.000000007,-142.138,-136.117
44100,48000,428.824901,1,0.000000043,-142.247,-136.226
44100,48000,435.040807,0,0.000000021,-142.236,-136.215
44100,48000,435.040807,1,0.000000017,-142.299,-136.279
44100,48000,441.346814,0,-0.000000007,-142.152,-136.132
44100,48000,441.346814,1,0.000000055,-142.211,-136.191
44100,48000,447.744228,0,-0.000000003,-142.287,-136.266
44100,48000,447.744228,1,-0.000000006,-142.253,-136.233
44100,48000,454.234373,0,-0.000000005,-142.225,-136.204
44100,48000,454.234373,1,-0.000000002,-142.248,-136.228
44100,48000,460.818595,0,-0.000000000,-142.379,-136.358
44100,48000,460.818595,1,-0.000000019,-142.411,-136.391
44100,48000,467.498257,0,-0.000000005,-142.459,-136.438
44100,48000,467.498257,1,-0.000000005,-142.408,-136.387
44100,48000,474.274741,0,-0.000000004,-142.504,-136.483
44100,48000,474.274741,1,-0.000000034,-142.436,-136.415
44100,48000,481.149452,0,-0.000000009,-142.611,-136.590
44100,48000,481.149452,1,-0.000000007,-142.344,-136.323
44100,48000,488.123814,0,0.000000003,-142.652,-136.631
44100,48000,488.123814,1,0.000000002,-142.685,-136.664
44100,48000,495.199270,0,-0.000000022,-142.663,-136.643
44100,48000,495.199270,1,-0.000000043,-142.671,-136.651
44100,48000,502.377286,0,-0.000000042,-142.814,-136.793
44100,48000,502.377286,1,-0.000000026,-142.805,-136.784
44100,48000,509.659350,0,-0.000000031,-142.937,-136.917
44100,48000,509.659350,1,-0.000000023,-142.731,-136.710
44100,48000,517.046968,0,-0.000000029,-142.950,-136.930
44100,48000,517.046968,1,-0.000000040,-142.867,-136.847
44100,48000,524.541671,0,-0.000000046,-143.071,-137.050
44100,48000,524.541671,1,-0.000000048,-143.074,-137.053
44100,48000,532.145012,0,-0.000000031,-143.081,-137.060
44100,48000,532.145012,1,-0.000000070,-143.110,-137.089
44100,48000,539.858565,0,-0.000000042,-143.207,-137.187
44100,48000,539.858565,1,-0.000000015,-143.184,-137.163
44100,48000,547.683927,0,-0.000000054,-143.287,-137.267
44100,48000,547.683927,1,-0.000000070,-142.969,-136.948
44100,48000,555.622719,0,-0.000000054,-143.332,-137.311
44100,48000,555.622719,1,-0.000000070,-143.072,-137.051
44100,48000,563.676586,0,-0.000000080,-143.215,-137.194
44100,48000,563.676586,1,-0.000000023,-143.236,-137.215
44100,48000,571.847196,0,-0.000000089,-143.122,-137.101
44100,48000,571.847196,1,-0.000000088,-143.129,-137.109
44100,48000,580.136240,0,-0.000000055,-143.063,-137.043
44100,48000,580.136240,1,-0.000000053,-143.254,-137.233
44100,48000,588.545435,0,-0.000000069,-143.139,-137.118
44100,48000,588.545435,1,-0.000000027,-143.079,-137.058
44100,48000,597.076524,0,-0.000000044,-143.054,-137.034
44100,48000,597.076524,1,-0.000000078,-143.065,-137.044
44100,48000,605.731272,0,-0.000000076,-142.976,-136.955
44100,48000,605.731272,1,-0.000000077,-142.953,-136.932
44100,48000,614.511473,0,-0.000000055,-142.744,-136.723
44100,48000,614.511473,1,-0.000000068,-142.790,-136.770
44100,48000,623.418945,0,-0.000000056,-142.680,-136.660
44100,48000,623.418945,1,-0.000000048,-142.663,-136.643
44100,48000,632.455532,0,-0.000000032,-142.543,-136.522
44100,48000,632.455532,1,-0.000000034,-142.583,-136.562
44100,48000,641.623107,0,-0.000000065,-142.407,-136.386
44100,48000,641.623107,1,-0.000000046,-142.530,-136.509
44100,48000,650.923567,0,-0.000000027,-142.491,-136.470
44100,48000,650.923567,1,-0.000000056,-142.448,-136.428
44100,48000,660.358840,0,-0.000000059,-142.324,-136.304
44100,48000,660.358840,1,-0.000000024,-142.334,-136.313
44100,48000,669.930878,0,-0.000000060,-142.269,-136.249
44100,48000,669.930878,1,-0.000000034,-142.397,-136.376
44100,48000,679.641666,0,-0.000000046,-142.323,-136.302
44100,48000,679.641666,1,-0.000000036,-142.092,-136.071
44100,48000,689.493213,0,0.000000003,-142.139,-136.118
44100,48000,689.493213,1,-0.000000029,-142.274,-136.254
44100,48000,699.487561,0,-0.000000008,-142.148,-136.127
44100,48000,699.487561,1,-0.000000003,-142.224,-136.203
44100,48000,709.626778,0,0.000000002,-142.256,-136.236
44100,48000,709.626778,1,-0.000000008,-142.158,-136.137
44100,48000,719.912966,0,0.000000012,-142.186,-136.165
44100,48000,719.912966,1,0.000000026,-142.309,-136.289
44100,48000,730.348255,0,0.000000002,-142.310,-136.289
44100,48000,730.348255,1,0.000000021,-142.200,-136.180
44100,48000,740.934804,0,0.000000044,-142.322,-136.302
44100,48000,740.934804,1,0.000000017,-142.432,-136.411
44100,48000,751.674809,0,0.000000008,-142.310,-136.290
44100,48000,751.674809,1,0.000000046,-142.494,-136.474
44100,48000,762.570491,0,0.000000087,-142.540,-136.520
44100,48000,762.570491,1,0.000000034,-142.501,-136.480
44100,48000,773.624109,0,0.000000099,-142.684,-136.663
44100,48000,773.624109,1,0.000000050,-142.626,-136.605
44100,48000,784.837952,0,0.000000054,-142.871,-136.851
44100,48000,784.837952,1,0.000000020,-142.897,-136.876
44100,48000,796.214341,0,0.000000082,-142.952,-136.932
44100,48000,796.214341,1,0.000000057,-142.914,-136.894
44100,48000,807.755634,0,0.000000114,-143.079,-137.058
44100,48000,807.755634,1,0.000000095,-143.145,-137.124
44100,48000,819.464220,0,0.000000130,-143.180,-137.159
44100,48000,819.464220,1,0.000000089,-143.142,-137.122
44100,48000,831.342524,0,0.000000117,-143.139,-137.118
44100,48000,831.342524,1,0.000000082,-143.068,-137.048
44100,48000,843.393007,0,0.000000105,-143.099,-137.079
44100,48000,843.393007,1,0.000000122,-143.255,-137.235
44100,48000,855.618164,0,0.000000110,-143.233,-137.213
44100,48000,855.618164,1,0.000000085,-143.236,-137.215
44100,48000,868.020527,0,0.000000083,-143.116,-137.095
44100,48000,868.020527,1,0.000000095,-143.123,-137.102
44100,48000,880.602665,0,0.000000073,-142.955,-136.934
44100,48000,880.602665,1,0.000000097,-142.944,-136.923
44100,48000,893.367184,0,0.000000071,-142.922,-136.901
44100,48000,893.367184,1,0.000000145,-142.837,-136.817
44100,48000,906.316728,0,0.000000109,-142.732,-136.711
44100,48000,906.316728,1,0.000000094,-142.770,-136.749
44100,48000,919.453977,0,0.000000118,-142.619,-136.599
44100,48000,919.453977,1,0.000000113,-142.585,-136.565
44100,48000,932.781654,0,0.000000116,-142.480,-136.459
44100,48000,932.781654,1,0.000000110,-142.498,-136.478
44100,48000,946.302518,0,0.000000112,-142.342,-136.322
44100,48000,946.302518,1,0.000000097,-142.313,-136.293
44100,48000,960.019370,0,0.000000120,-142.127,-136.106
44100,48000,960.019370,1,0.000000055,-142.210,-136.189
44100,48000,973.935050,0,0.000000065,-142.203,-136.183
44100,48000,973.935050,1,0.000000063,-142.181,-136.160
44100,48000,988.052442,0,0.000000067,-142.227,-136.207
44100,48000,988.052442,1,0.000000082,-142.222,-136.201
44100,48000,1002.374467,0,0.000000039,-142.124,-136.103
44100,48000,1002.374467,1,0.000000071,-142.235,-136.214
44100,48000,1016.904094,0,0.000000011,-142.289,-136.268
44100,48000,1016.904094,1,0.000000016,-142.262,-136.241
44100,48000,1031.644330,0,0.000000010,-142.494,-136.473
44100,48000,1031.644330,1,0.000000020,-142.464,-136.443
44100,48000,1046.598229,0,-0.000000053,-142.719,-136.698
44100,48000,1046.598229,1,0.000000002,-142.695,-136.674
44100,48000,1061.768888,0,-0.000000019,-142.960,-136.940
44100,48000,1061.768888,1,-0.000000020,-142.890,-136.870
44100,48000,1077.159449,0,-0.000000022,-142.971,-136.950
44100,48000,1077.159449,1,-0.000000029,-142.970,-136.949
44100,48000,1092.773100,0,-0.000000030,-143.090,-137.070
44100,48000,1092.773100,1,-0.000000047,-143.057,-137.037
44100,48000,1108.613073,0,-0.000000045,-143.144,-137.123
44100,48000,1108.613073,1,-0.000000051,-143.110,-137.090
44100,48000,1124.682650,0,-0.000000026,-143.048,-137.027
44100,48000,1124.682650,1,-0.000000018,-143.313,-137.292
44100,48000,1140.985159,0,-0.000000059,-143.157,-137.136
44100,48000,1140.985159,1,-0.000000088,-143.111,-137.091
44100,48000,1157.523977,0,-0.000000082,-143.033,-137.012
44100,48000,1157.523977,1,-0.000000074,-142.974,-136.953
44100,48000,1174.302528,0,-0.000000065,-142.883,-136.863
44100,48000,1174.302528,1,-0.000000058,-142.789,-136.768
44100,48000,1191.324287,0,-0.000000088,-142.666,-136.646
44100,48000,1191.324287,1,-0.000000106,-142.617,-136.597
44100,48000,1208.592780,0,-0.000000084,-142.542,-136.521
44100,48000,1208.592780,1,-0.000000058,-142.458,-136.438
44100,48000,1226.111584,0,-0.000000046,-142.241,-136.220
44100,48000,1226.111584,1,-0.000000053,-142.305,-136.285
44100,48000,1243.884327,0,-0.000000051,-142.238,-136.217
44100,48000,1243.884327,1,-0.000000038,-142.170,-136.149
44100,48000,1261.914689,0,-0.000000037,-142.213,-136.192
44100,48000,1261.914689,1,0.000000008,-142.139,-136.118
44100,48000,1280.206405,0,-0.000000032,-142.278,-136.258
44100,48000,1280.206405,1,-0.000000038,-142.359,-136.338
44100,48000,1298.763263,0,-0.000000022,-142.323,-136.303
44100,48000,1298.763263,1,-0.000000009,-142.270,-136.250
44100,48000,1317.589107,0,0.000000033,-142.538,-136.518
44100,48000,1317.589107,1,0.000000014,-142.490,-136.469
44100,48000,1336.687835,0,0.000000068,-142.731,-136.711
44100,48000,1336.687835,1,0.000000041,-142.849,-136.829
44100,48000,1356.063403,0,0.000000076,-143.112,-137.091
44100,48000,1356.063403,1,0.000000041,-142.790,-136.769
44100,48000,1375.719825,0,0.000000105,-143.019,-136.998
44100,48000,1375.719825,1,0.000000073,-143.198,-137.177
44100,48000,1395.661170,0,0.000000093,-143.359,-137.339
44100,48000,1395.661170,1,0.000000067,-143.031,-137.011
44100,48000,1415.891569,0,0.000000102,-143.063,-137.042
44100,48000,1415.891569,1,0.000000104,-143.107,-137.086
44100,48000,1436.415212,0,0.000000119,-143.063,-137.042
44100,48000,1436.415212,1,0.000000132,-143.063,-137.042
44100,48000,1457.236349,0,0.000000148,-142.943,-136.922
44100,48000,1457.236349,1,0.000000134,-142.768,-136.747
44100,48000,1478.359293,0,0.000000121,-142.617,-136.596
44100,48000,1478.359293,1,0.000000111,-142.493,-136.472
44100,48000,1499.788419,0,0.000000131,-142.410,-136.390
44100,48000,1499.788419,1,0.000000130,-142.296,-136.275
44100,48000,1521.528164,0,0.000000104,-142.294,-136.273
44100,48000,1521.528164,1,0.000000106,-142.383,-136.362
44100,48000,1543.583031,0,0.000000087,-142.159,-136.139
44100,48000,1543.583031,1,0.000000062,-142.278,-136.258
44100,48000,1565.957588,0,0.000000091,-142.234,-136.214
44100,48000,1565.957588,1,0.000000081,-142.263,-136.243
44100,48000,1588.656469,0,0.000000039,-142.368,-136.347
44100,48000,1588.656469,1,0.000000038,-142.507,-136.486
44100,48000,1611.684376,0,-0.000000005,-142.730,-136.709
44100,48000,1611.684376,1,-0.000000047,-142.613,-136.593
44100,48000,1635.046076,0,-0.000000051,-142.992,-136.972
44100,48000,1635.046076,1,0.000000016,-142.993,-136.972
44100,48000,1658.746409,0,-0.000000019,-143.200,-137.180
44100,48000,1658.746409,1,-0.000000037,-143.151,-137.131
44100,48000,1682.790283,0,-0.000000062,-143.053,-137.032
44100,48000,1682.790283,1,-0.000000067,-143.060,-137.040
44100,48000,1707.182679,0,-0.000000032,-143.204,-137.183
44100,48000,1707.182679,1,-0.000000042,-143.230,-137.210
44100,48000,1731.928647,0,-0.000000103,-142.834,-136.814
44100,48000,1731.928647,1,-0.000000049,-142.954,-136.934
44100,48000,1757.033313,0,-0.000000076,-142.642,-136.621
44100,48000,1757.033313,1,-0.000000079,-142.568,-136.548
44100,48000,1782.501876,0,-0.000000119,-142.320,-136.299
44100,48000,1782.501876,1,-0.000000048,-142.316,-136.296
44100,48000,1808.339612,0,-0.000000085,-142.197,-136.176
44100,48000,1808.339612,1,-0.000000090,-142.033,-136.012
44100,48000,1834.551871,0,-0.000000056,-142.241,-136.221
44100,48000,1834.551871,1,-0.000000062,-142.150,-136.129
44100,48000,1861.144082,0,-0.000000044,-142.357,-136.337
44100,48000,1861.144082,1,0.000000004,-142.349,-136.328
44100,48000,1888.121753,0,0.000000006,-142.653,-136.632
44100,48000,1888.121753,1,0.000000009,-142.633,-136.613
44100,48000,1915.490470,0,0.000000065,-142.950,-136.929
44100,48000,1915.490470,1,0.000000069,-143.057,-137.036
44100,48000,1943.255903,0,0.000000075,-143.293,-137.272
44100,48000,1943.255903,1,0.000000138,-143.152,-137.132
44100,48000,1971.423802,0,0.000000118,-143.283,-137.262
44100,48000,1971.423802,1,0.000000075,-143.285,-137.264
44100,48000,2000.000000,0,0.000000342,-143.247,-137.227
44100,48000,2000.000000,1,0.000000027,-142.958,-136.938
44100,48000,2028.990416,0,0.000000145,-142.559,-136.539
44100,48000,2028.990416,1,0.000000141,-142.728,-136.707
44100,48000,2058.401054,0,0.000000147,-142.425,-136.405
44100,48000,2058.401054,1,0.000000141,-142.373,-136.353
44100,48000,2088.238006,0,0.000000147,-142.154,-136.133
44100,48000,2088.238006,1,0.000000100,-142.151,-136.130
44100,48000,2118.507450,0,0.000000100,-142.153,-136.132
44100,48000,2118.507450,1,0.000000090,-142.296,-136.275
44100,48000,2149.215657,0,0.000000046,-142.369,-136.349
44100,48000,2149.215657,1,0.000000087,-142.378,-136.357
44100,48000,2180.368985,0,0.000000031,-142.738,-136.718
44100,48000,2180.368985,1,-0.000000037,-142.740,-136.720
44100,48000,2211.973887,0,-0.000000017,-143.129,-137.108
44100,48000,2211.973887,1,-0.000000040,-143.087,-137.067
44100,48000,2244.036909,0,-0.000000076,-143.358,-137.337
44100,48000,2244.036909,1,-0.000000034,-143.207,-137.187
44100,48000,2276.564691,0,-0.000000114,-142.999,-136.979
44100,48000,2276.564691,1,-0.000000097,-143.043,-137.022
44100,48000,2309.563969,0,-0.000000158,-142.593,-136.572
44100,48000,2309.563969,1,-0.000000133,-142.567,-136.546
44100,48000,2343.041580,0,-0.000000157,-142.277,-136.256
44100,48000,2343.041580,1,-0.000000084,-142.511,-136.490
44100,48000,2377.004455,0,-0.000000053,-142.177,-136.156
44100,48000,2377.004455,1,-0.000000052,-142.236,-136.215
44100,48000,2411.459629,0,-0.000000060,-142.327,-136.307
44100,48000,2411.459629,1,-0.000000090,-142.297,-136.276
44100,48000,2446.414238,0,-0.000000006,-142.516,-136.495
44100,48000,2446.414238,1,0.000000028,-142.570,-136.549
44100,48000,2481.875522,0,0.000000104,-143.000,-136.979
44100,48000,2481.875522,1,0.000000046,-142.938,-136.917
44100,48000,2517.850824,0,0.000000110,-143.166,-137.145
44100,48000,2517.850824,1,0.000000148,-143.332,-137.311
44100,48000,2554.347595,0,0.000000174,-142.940,-136.919
44100,48000,2554.347595,1,0.000000132,-143.141,-137.120
44100,48000,2591.373395,0,0.000000192,-142.688,-136.667
44100,48000,2591.373395,1,0.000000154,-142.699,-136.679
44100,48000,2628.935892,0,0.000000174,-142.224,-136.203
44100,48000,2628.935892,1,0.000000154,-142.290,-136.269
44100,48000,2667.042864,0,0.000000090,-142.264,-136.244
44100,48000,2667.042864,1,0.000000159,-142.172,-136.152
44100,48000,2705.702206,0,0.000000049,-142.403,-136.382
44100,48000,2705.702206,1,0.000000081,-142.340,-136.320
44100,48000,2744.921922,0,0.000000037,-142.779,-136.758
44100,48000,2744.921922,1,0.000000007,-142.836,-136.816
44100,48000,2784.710136,0,-0.000000051,-143.206,-137.186
44100,48000,2784.710136,1,-0.000000054,-143.405,-137.384
44100,48000,2825.075089,0,-0.000000084,-143.032,-137.011
44100,48000,2825.075089,1,-0.000000087,-143.121,-137.100
44100,48000,2866.025140,0,-0.000000170,-142.767,-136.746
44100,48000,2866.025140,1,-0.000000155,-142.688,-136.667
44100,48000,2907.568771,0,-0.000000191,-142.385,-136.364
44100,48000,2907.568771,1,-0.000000160,-142.297,-136.277
44100,48000,2949.714586,0,-0.000000059,-142.158,-136.138
44100,48000,2949.714586,1,-0.000000100,-142.084,-136.063
44100,48000,2992.471312,0,-0.000000037,-142.327,-136.307
44100,48000,2992.471312,1,-0.000000108,-142.467,-136.447
44100,48000,3035.847806,0,0.000000024,-142.981,-136.960
44100,48000,3035.847806,1,0.000000030,-142.964,-136.944
44100,48000,3079.853052,0,0.000000079,-143.186,-137.165
44100,48000,3079.853052,1,0.000000114,-143.187,-137.166
44100,48000,3124.496163,0,0.000000145,-143.024,-137.004
44100,48000,3124.496163,1,0.000000176,-143.043,-137.023
44100,48000,3169.786385,0,0.000000183,-142.480,-136.459
44100,48000,3169.786385,1,0.000000196,-142.541,-136.520
44100,48000,3215.733098,0,0.000000193,-142.144,-136.124
44100,48000,3215.733098,1,0.000000137,-142.170,-136.150
44100,48000,3262.345818,0,0.000000095,-142.387,-136.367
44100,48000,3262.345818,1,0.000000103,-142.373,-136.353
44100,48000,3309.634200,0,0.000000059,-142.955,-136.935
44100,48000,3309.634200,1,0.000000033,-142.812,-136.791
44100,48000,3357.608036,0,-0.000000094,-143.238,-137.217
44100,48000,3357.608036,1,-0.000000065,-143.178,-137.158
44100,48000,3406.277263,0,-0.000000138,-142.833,-136.812
44100,48000,3406.277263,1,-0.000000128,-142.765,-136.744
44100,48000,3455.651961,0,-0.000000184,-142.440,-136.420
44100,48000,3455.651961,1,-0.000000151,-142.380,-136.360
44100,48000,3505.742355,0,-0.000000137,-142.268,-136.248
44100,48000,3505.742355,1,-0.000000174,-142.189,-136.169
44100,48000,3556.558820,0,-0.000000096,-142.412,-136.391
44100,48000,3556.558820,1,-0.000000023,-142.457,-136.436
44100,48000,3608.111880,0,0.000000102,-142.923,-136.902
44100,48000,3608.111880,1,0.000000037,-142.964,-136.944
44100,48000,3660.412213,0,0.000000139,-143.138,-137.118
44100,48000,3660.412213,1,0.000000123,-143.161,-137.141
44100,48000,3713.470649,0,0.000000193,-142.671,-136.651
44100,48000,3713.470649,1,0.000000183,-142.537,-136.516
44100,48000,3767.298179,0,0.000000217,-142.144,-136.123
44100,48000,3767.298179,1,0.000000181,-142.193,-136.172
44100,48000,3821.905950,0,0.000000173,-142.387,-136.367
44100,48000,3821.905950,1,0.000000145,-142.361,-136.340
44100,48000,3877.305272,0,0.000000040,-142.935,-136.914
44100,48000,3877.305272,1,0.000000020,-142.866,-136.845
44100,48000,3933.507619,0,-0.000000115,-143.163,-137.142
44100,48000,3933.507619,1,-0.000000086,-143.288,-137.268
44100,48000,3990.524630,0,-0.000000213,-142.669,-136.648
44100,48000,3990.524630,1,-0.000000196,-142.615,-136.594
44100,48000,4048.368115,0,-0.000000209,-142.318,-136.298
44100,48000,4048.368115,1,-0.000000198,-142.108,-136.088
44100,48000,4107.050053,0,-0.000000127,-142.502,-136.481
44100,48000,4107.050053,1,-0.000000134,-142.248,-136.227
44100,48000,4166.582598,0,0.000000025,-143.097,-137.077
44100,48000,4166.582598,1,0.000000009,-142.979,-136.958
44100,48000,4226.978080,0,0.000000184,-143.061,-137.041
44100,48000,4226.978080,1,0.000000186,-143.084,-137.063
44100,48000,4288.249006,0,0.000000300,-142.460,-136.439
44100,48000,4288.249006,1,0.000000200,-142.386,-136.366
44100,48000,4350.408068,0,0.000000261,-142.263,-136.242
44100,48000,4350.408068,1,0.000000184,-142.166,-136.146
44100,48000,4413.468138,0,0.000000122,-142.821,-136.800
44100,48000,4413.468138,1,0.000000118,-142.602,-136.581
44100,48000,4477.442277,0,-0.000000075,-143.179,-137.158
44100,48000,4477.442277,1,-0.000000045,-143.175,-137.154
44100,48000,4542.343735,0,-0.000000172,-142.816,-136.796
44100,48000,4542.343735,1,-0.000000200,-142.599,-136.578
44100,48000,4608.185952,0,-0.000000233,-142.043,-136.023
44100,48000,4608.185952,1,-0.000000209,-142.139,-136.119
44100,48000,4674.982566,0,-0.000000179,-142.386,-136.366
44100,48000,4674.982566,1,-0.000000075,-142.277,-136.257
44100,48000,4742.747411,0,0.000000046,-143.127,-137.106
44100,48000,4742.747411,1,0.000000073,-143.191,-137.171
44100,48000,4811.494522,0,0.000000245,-142.889,-136.868
44100,48000,4811.494522,1,0.000000200,-142.943,-136.922
44100,48000,4881.238136,0,0.000000283,-142.189,-136.168
44100,48000,4881.238136,1,0.000000292,-142.103,-136.083
44100,48000,4951.992698,0,0.000000195,-142.489,-136.468
44100,48000,4951.992698,1,0.000000172,-142.438,-136.418
44100,48000,5023.772863,0,0.000000024,-143.207,-137.186
44100,48000,5023.772863,1,-0.000000002,-143.123,-137.103
44100,48000,5096.593496,0,-0.000000187,-142.805,-136.785
44100,48000,5096.593496,1,-0.000000199,-142.800,-136.779
44100,48000,5170.469679,0,-0.000000239,-142.058,-136.038
44100,48000,5170.469679,1,-0.000000277,-142.078,-136.058
44100,48000,5245.416713,0,-0.000000114,-142.490,-136.469
44100,48000,5245.416713,1,-0.000000149,-142.466,-136.445
44100,48000,5321.450120,0,0.000000069,-143.201,-137.180
44100,48000,5321.450120,1,0.000000122,-143.156,-137.135
44100,48000,5398.585646,0,0.000000285,-142.576,-136.556
44100,48000,5398.585646,1,0.000000293,-142.525,-136.505
44100,48000,5476.839269,0,0.000000300,-142.189,-136.168
44100,48000,5476.839269,1,0.000000276,-142.141,-136.121
44100,48000,5556.227193,0,0.000000071,-142.941,-136.921
44100,48000,5556.227193,1,0.000000098,-142.820,-136.800
44100,48000,5636.765863,0,-0.000000197,-142.917,-136.896
44100,48000,5636.765863,1,-0.000000170,-142.990,-136.970
44100,48000,5718.471957,0,-0.000000270,-142.108,-136.087
44100,48000,5718.471957,1,-0.000000245,-142.147,-136.126
44100,48000,5801.362397,0,-0.000000179,-142.527,-136.507
44100,48000,5801.362397,1,-0.000000141,-142.395,-136.374
44100,48000,5885.454352,0,0.000000148,-143.119,-137.098
44100,48000,5885.454352,1,0.000000124,-143.349,-137.328
44100,48000,5970.765238,0,0.000000296,-142.333,-136.313
44100,48000,5970.765238,1,0.000000330,-142.507,-136.486
44100,48000,6057.312722,0,0.000000260,-142.227,-136.207
44100,48000,6057.312722,1,0.000000273,-142.149,-136.128
44100,48000,6145.114731,0,-0.000000020,-143.187,-137.167
44100,48000,6145.114731,1,-0.000000042,-143.051,-137.030
44100,48000,6234.189447,0,-0.000000283,-142.601,-136.580
44100,48000,6234.189447,1,-0.000000314,-142.531,-136.511
44100,48000,6324.555320,0,-0.000000295,-142.084,-136.063
44100,48000,6324.555320,1,-0.000000261,-142.089,-136.068
44100,48000,6416.231066,0,0.000000061,-143.040,-137.020
44100,48000,6416.231066,1,-0.000000013,-143.063,-137.042
44100,48000,6509.235670,0,0.000000348,-142.673,-136.652
44100,48000,6509.235670,1,0.000000324,-142.715,-136.694
44100,48000,6603.588395,0,0.000000353,-142.272,-136.251
44100,48000,6603.588395,1,0.000000355,-142.176,-136.155
44100,48000,6699.308783,0,0.000000001,-142.922,-136.901
44100,48000,6699.308783,1,-0.000000039,-143.251,-137.231
44100,48000,6796.416658,0,-0.000000286,-142.452,-136.431
44100,48000,6796.416658,1,-0.000000306,-142.507,-136.487
44100,48000,6894.932131,0,-0.000000318,-142.115,-136.095
44100,48000,6894.932131,1,-0.000000247,-142.173,-136.152
44100,48000,6994.875607,0,0.000000089,-143.039,-137.018
44100,48000,6994.875607,1,0.000000074,-143.053,-137.033
44100,48000,7096.267785,0,0.000000404,-142.218,-136.198
44100,48000,7096.267785,1,0.000000388,-142.124,-136.104
44100,48000,7199.129663,0,0.000000263,-142.506,-136.485
44100,48000,7199.129663,1,0.000000240,-142.493,-136.472
44100,48000,7303.482545,0,-0.000000174,-143.000,-136.979
44100,48000,7303.482545,1,-0.000000163,-143.094,-137.073
44100,48000,7409.348044,0,-0.000000359,-142.011,-135.991
44100,48000,7409.348044,1,-0.000000402,-141.976,-135.955
44100,48000,7516.748086,0,-0.000000145,-142.857,-136.836
44100,48000,7516.748086,1,-0.000000094,-142.935,-136.914
44100,48000,7625.704913,0,0.000000379,-142.698,-136.677
44100,48000,7625.704913,1,0.000000377,-142.690,-136.670
44100,48000,7736.241093,0,0.000000375,-142.301,-136.281
44100,48000,7736.241093,1,0.000000377,-142.286,-136.266
44100,48000,7848.379517,0,-0.000000160,-143.049,-137.028
44100,48000,7848.379517,1,-0.000000120,-143.311,-137.291
44100,48000,7962.143411,0,-0.000000460,-141.977,-135.956
44100,48000,7962.143411,1,-0.000000442,-142.066,-136.046
44100,48000,8077.556336,0,-0.000000129,-142.712,-136.692
44100,48000,8077.556336,1,-0.000000096,-142.873,-136.853
44100,48000,8194.642196,0,0.000000431,-142.417,-136.396
44100,48000,8194.642196,1,0.000000424,-142.432,-136.412
44100,48000,8313.425240,0,0.000000354,-142.282,-136.262
44100,48000,8313.425240,1,0.000000310,-142.413,-136.393
44100,48000,8433.930069,0,-0.000000240,-143.016,-136.995
44100,48000,8433.930069,1,-0.000000250,-142.920,-136.900
44100,48000,8556.181640,0,-0.000000451,-142.076,-136.055
44100,48000,8556.181640,1,-0.000000435,-141.961,-135.941
44100,48000,8680.205273,0,0.000000110,-143.069,-137.049
44100,48000,8680.205273,1,0.000000104,-143.162,-137.141
44100,48000,8806.026654,0,0.000000513,-141.895,-135.874
44100,48000,8806.026654,1,0.000000552,-141.944,-135.923
44100,48000,8933.671843,0,0.000000060,-143.027,-137.006
44100,48000,8933.671843,1,0.000000054,-143.139,-137.118
44100,48000,9063.167275,0,-0.000000515,-142.074,-136.053
44100,48000,9063.167275,1,-0.000000490,-142.162,-136.142
44100,48000,9194.539771,0,-0.000000135,-142.844,-136.823
44100,48000,9194.539771,1,-0.000000170,-142.808,-136.788
44100,48000,9327.816538,0,0.000000586,-142.402,-136.381
44100,48000,9327.816538,1,0.000000519,-142.347,-136.326
44100,48000,9463.025179,0,0.000000254,-142.758,-136.738
44100,48000,9463.025179,1,0.000000197,-142.715,-136.694
44100,48000,9600.193698,0,-0.000000488,-142.234,-136.213
44100,48000,9600.193698,1,-0.000000528,-142.180,-136.159
44100,48000,9739.350503,0,-0.000000239,-142.705,-136.685
44100,48000,9739.350503,1,-0.000000266,-142.639,-136.618
44100,48000,9880.524415,0,0.000000565,-142.421,-136.400
44100,48000,9880.524415,1,0.000000572,-142.296,-136.275
44100,48000,10023.744673,0,0.000000309,-142.628,-136.607
44100,48000,10023.744673,1,0.000000293,-142.654,-136.633
44100,48000,10169.040937,0,-0.000000566,-142.071,-136.050
44100,48000,10169.040937,1,-0.000000573,-142.144,-136.124
44100,48000,10316.443301,0,-0.000000173,-142.872,-136.852
44100,48000,10316.443301,1,-0.000000172,-142.786,-136.765
44100,48000,10465.982294,0,0.000000674,-141.851,-135.830
44100,48000,10465.982294,1,0.000000677,-141.906,-135.885
44100,48000,10617.688885,0,0.000000064,-143.089,-137.068
44100,48000,10617.688885,1,0.000000044,-143.059,-137.038
44100,48000,10771.594494,0,-0.000000680,-141.742,-135.721
44100,48000,10771.594494,1,-0.000000678,-141.794,-135.774
44100,48000,10927.730998,0,0.000000219,-142.897,-136.876
44100,48000,10927.730998,1,0.000000258,-143.119,-137.098
44100,48000,11086.130732,0,0.000000682,-141.902,-135.882
44100,48000,11086.130732,1,0.000000668,-141.902,-135.881
44100,48000,11246.826504,0,-0.000000527,-142.704,-136.683
44100,48000,11246.826504,1,-0.000000530,-142.691,-136.671
44100,48000,11409.851594,0,-0.000000392,-142.328,-136.308
44100,48000,11409.851594,1,-0.000000400,-142.605,-136.584
44100,48000,11575.239767,0,0.000000798,-141.876,-135.855
44100,48000,11575.239767,1,0.000000830,-141.994,-135.974
44100,48000,11743.025276,0,-0.000000038,-143.019,-136.999
44100,48000,11743.025276,1,-0.000000055,-143.019,-136.998
44100,48000,11913.242871,0,-0.000000793,-141.648,-135.627
44100,48000,11913.242871,1,-0.000000758,-141.612,-135.591
44100,48000,12085.927805,0,0.000000647,-142.498,-136.477
44100,48000,12085.927805,1,0.000000659,-142.607,-136.587
44100,48000,12261.115843,0,0.000000326,-142.549,-136.528
44100,48000,12261.115843,1,0.000000349,-142.530,-136.510
44100,48000,12438.843268,0,-0.000000939,-141.519,-135.499
44100,48000,12438.843268,1,-0.000000923,-141.619,-135.598
44100,48000,12619.146890,0,0.000000510,-142.816,-136.795
44100,48000,12619.146890,1,0.000000496,-142.876,-136.856
44100,48000,12802.064049,0,0.000000556,-142.267,-136.246
44100,48000,12802.064049,1,0.000000583,-142.282,-136.262
44100,48000,12987.632632,0,-0.000001044,-141.625,-135.605
44100,48000,12987.632632,1,-0.000001014,-141.616,-135.595
44100,48000,13175.891069,0,0.000000551,-142.863,-136.843
44100,48000,13175.891069,1,0.000000517,-142.742,-136.722
44100,48000,13366.878351,0,0.000000521,-142.340,-136.319
44100,48000,13366.878351,1,0.000000560,-142.324,-136.304
44100,48000,13560.634034,0,-0.000001111,-141.288,-135.268
44100,48000,13560.634034,1,-0.000001108,-141.434,-135.413
44100,48000,13757.198246,0,0.000000841,-142.372,-136.352
44100,48000,13757.198246,1,0.000000893,-142.423,-136.402
44100,48000,13956.611697,0,0.000000136,-142.729,-136.708
44100,48000,13956.611697,1,0.000000153,-142.821,-136.800
44100,48000,14158.915688,0,-0.000001042,-141.412,-135.392
44100,48000,14158.915688,1,-0.000001014,-141.378,-135.358
44100,48000,14364.152117,0,0.000001317,-141.315,-135.294
44100,48000,14364.152117,1,0.000001349,-141.481,-135.460
44100,48000,14572.363490,0,-0.000000754,-142.760,-136.739
44100,48000,14572.363490,1,-0.000000787,-142.590,-136.569
44100,48000,14783.592931,0,-0.000000246,-142.538,-136.517
44100,48000,14783.592931,1,-0.000000191,-142.613,-136.593
44100,48000,14997.884187,0,0.000001139,-141.309,-135.288
44100,48000,14997.884187,1,0.000001181,-141.349,-135.328
44100,48000,15215.281639,0,-0.000001595,-140.986,-134.966
44100,48000,15215.281639,1,-0.000001561,-141.092,-135.071
44100,48000,15435.830312,0,0.000001473,-141.810,-135.789
44100,48000,15435.830312,1,0.000001388,-141.894,-135.874
44100,48000,15659.575884,0,-0.000000698,-142.761,-136.740
44100,48000,15659.575884,1,-0.000000696,-142.762,-136.741
44100,48000,15886.564694,0,-0.000000247,-142.364,-136.344
44100,48000,15886.564694,1,-0.000000219,-142.270,-136.249
44100,48000,16116.843755,0,0.000001191,-141.226,-135.206
44100,48000,16116.843755,1,0.000001157,-141.168,-135.147
44100,48000,16350.460759,0,-0.000001883,-140.417,-134.396
44100,48000,16350.460759,1,-0.000001821,-140.509,-134.489
44100,48000,16587.464090,0,0.000002260,-140.663,-134.643
44100,48000,16587.464090,1,0.000002273,-140.681,-134.660
44100,48000,16827.902833,0,-0.000002266,-141.200,-135.179
44100,48000,16827.902833,1,-0.000002295,-141.158,-135.138
44100,48000,17071.826786,0,0.000002112,-141.933,-135.912
44100,48000,17071.826786,1,0.000002154,-141.932,-135.912
44100,48000,17319.286467,0,-0.000001805,-142.450,-136.429
44100,48000,17319.286467,1,-0.000001805,-142.688,-136.668
44100,48000,17570.333128,0,0.000001530,-142.693,-136.673
44100,48000,17570.333128,1,0.000001553,-142.550,-136.530
44100,48000,17825.018763,0,-0.000001273,-142.271,-136.251
44100,48000,17825.018763,1,-0.000001253,-142.204,-136.183
44100,48000,18083.396118,0,0.000001260,-141.831,-135.810
44100,48000,18083.396118,1,0.000001244,-141.738,-135.717
44100,48000,18345.518708,0,-0.000001521,-141.303,-135.282
44100,48000,18345.518708,1,-0.000001519,-141.283,-135.262
44100,48000,18611.440819,0,0.000002394,-140.868,-134.847
44100,48000,18611.440819,1,0.000002397,-140.754,-134.733
44100,48000,18881.217526,0,-0.000003926,-140.643,-134.623
44100,48000,18881.217526,1,-0.000003941,-140.515,-134.495
44100,48000,19154.904702,0,0.000005771,-140.663,-134.642
44100,48000,19154.904702,1,0.000005800,-140.692,-134.672
44100,48000,19432.559032,0,-0.000004202,-141.002,-134.982
44100,48000,19432.559032,1,-0.000004194,-141.027,-135.006
44100,48000,19714.238018,0,-0.000008049,-141.777,-135.757
44100,48000,19714.238018,1,-0.000008090,-141.866,-135.845
48000,48000,20.000000,0,-0.000000012,-162.394,-156.373
48000,48000,20.000000,1,-0.000000012,-162.394,-156.373
48000,48000,20.289904,0,0.000000003,-162.819,-156.799
48000,48000,20.289904,1,-0.000000003,-162.730,-156.709
48000,48000,20.584011,0,0.000000005,-162.739,-156.718
48000,48000,20.584011,1,0.000000001,-162.697,-156.677
48000,48000,20.882380,0,-0.000000002,-162.751,-156.731
48000,48000,20.882380,1,-0.000000003,-162.735,-156.714
48000,48000,21.185075,0,-0.000000002,-162.735,-156.714
48000,48000,21.185075,1,-0.000000000,-162.796,-156.775
48000,48000,21.492157,0,-0.000000001,-162.755,-156.735
48000,48000,21.492157,1,-0.000000005,-162.736,-156.715
48000,48000,21.803690,0,0.000000001,-162.815,-156.794
48000,48000,21.803690,1,-0.000000001,-162.819,-156.799
48000,48000,22.119739,0,0.000000002,-162.843,-156.822
48000,48000,22.119739,1,-0.000000003,-162.686,-156.665
48000,48000,22.440369,0,0.000000002,-162.841,-156.821
48000,48000,22.440369,1,-0.000000003,-162.632,-156.612
48000,48000,22.765647,0,0.000000002,-162.983,-156.962
48000,48000,22.765647,1,-0.000000003,-162.659,-156.639
48000,48000,23.095640,0,0.000000003,-162.782,-156.761
48000,48000,23.095640,1,-0.000000003,-162.723,-156.702
48000,48000,23.430416,0,-0.000000001,-162.704,-156.684
48000,48000,23.430416,1,0.000000003,-162.834,-156.814
48000,48000,23.770045,0,0.000000001,-162.712,-156.691
48000,48000,23.770045,1,-0.000000001,-162.785,-156.764
48000,48000,24.114596,0,-0.000000001,-162.848,-156.827
48000,48000,24.114596,1,0.000000003,-162.857,-156.836
48000,48000,24.464142,0,0.000000001,-162.764,-156.743
48000,48000,24.464142,1,0.000000003,-162.748,-156.727
48000,48000,24.818755,0,-0.000000001,-162.774,-156.753
48000,48000,24.818755,1,0.000000000,-162.667,-156.647
48000,48000,25.178508,0,-0.000000001,-162.617,-156.596
48000,48000,25.178508,1,0.000000000,-162.749,-156.728
48000,48000,25.543476,0,0.000000000,-162.628,-156.608
48000,48000,25.543476,1,0.000000001,-162.734,-156.713
48000,48000,25.913734,0,-0.000000002,-162.634,-156.613
48000,48000,25.913734,1,-0.000000002,-162.826,-156.806
48000,48000,26.289359,0,0.000000002,-162.795,-156.774
48000,48000,26.289359,1,0.000000000,-162.823,-156.802
48000,48000,26.670429,0,-0.000000003,-162.734,-156.714
48000,48000,26.670429,1,-0.000000002,-162.756,-156.735
48000,48000,27.057022,0,-0.000000002,-162.780,-156.759
48000,48000,27.057022,1,0.000000003,-162.864,-156.843
48000,48000,27.449219,0,0.000000001,-162.721,-156.701
48000,48000,27.449219,1,-0.000000004,-162.824,-156.804
48000,48000,27.847101,0,0.000000005,-162.728,-156.707
48000,48000,27.847101,1,-0.000000001,-162.772,-156.752
48000,48000,28.250751,0,0.000000001,-162.800,-156.780
48000,48000,28.250751,1,-0.000000001,-162.707,-156.687
48000,48000,28.660251,0,0.000000000,-162.869,-156.849
48000,48000,28.660251,1,-0.000000003,-162.718,-156.698
48000,48000,29.075688,0,0.000000005,-162.735,-156.714
48000,48000,29.075688,1,-0.000000000,-162.711,-156.690
48000,48000,29.497146,0,-0.000000000,-162.750,-156.729
48000,48000,29.497146,1,-0.000000001,-162.769,-156.749
48000,48000,29.924713,0,-0.000000002,-162.838,-156.817
48000,48000,29.924713,1,-0.000000000,-162.677,-156.656
48000,48000,30.358478,0,0.000000001,-162.861,-156.840
48000,48000,30.358478,1,0.000000001,-162.699,-156.678
48000,48000,30.798531,0,-0.000000002,-162.880,-156.859
48000,48000,30.798531,1,0.000000003,-162.693,-156.672
48000,48000,31.244962,0,0.000000003,-162.829,-156.809
48000,48000,31.244962,1,0.000000003,-162.868,-156.848
48000,48000,31.697864,0,0.000000002,-162.802,-156.782
48000,48000,31.697864,1,0.000000004,-162.782,-156.762
48000,48000,32.157331,0,0.000000004,-162.776,-156.755
48000,48000,32.157331,1,0.000000001,-162.651,-156.630
48000,48000,32.623458,0,0.000000003,-162.695,-156.674
48000,48000,32.623458,1,-0.000000002,-162.729,-156.709
48000,48000,33.096342,0,-0.000000002,-162.710,-156.689
48000,48000,33.096342,1,0.000000000,-162.804,-156.783
48000,48000,33.576080,0,-0.000000001,-162.615,-156.594
48000,48000,33.576080,1,-0.000000000,-162.809,-156.789
48000,48000,34.062773,0,-0.000000003,-162.654,-156.634
48000,48000,34.062773,1,0.000000004,-162.899,-156.879
48000,48000,34.556520,0,-0.000000000,-162.730,-156.709
48000,48000,34.556520,1,-0.000000005,-162.708,-156.687
48000,48000,35.057424,0,0.000000003,-162.720,-156.699
48000,48000,35.057424,1,-0.000000001,-162.763,-156.743
48000,48000,35.565588,0,0.000000002,-162.672,-156.651
48000,48000,35.565588,1,0.000000002,-162.838,-156.817
48000,48000,36.081119,0,-0.000000001,-162.755,-156.735
48000,48000,36.081119,1,0.000000003,-162.763,-156.742
48000,48000,36.604122,0,-0.000000000,-162.784,-156.763
48000,48000,36.604122,1,-0.000000001,-162.649,-156.628
48000,48000,37.134706,0,0.000000001,-162.751,-156.731
48000,48000,37.134706,1,-0.000000004,-162.786,-156.765
48000,48000,37.672982,0,-0.000000001,-162.827,-156.806
48000,48000,37.672982,1,0.000000002,-162.700,-156.679
48000,48000,38.219059,0,0.000000003,-162.892,-156.872
48000,48000,38.219059,1,-0.000000001,-162.752,-156.731
48000,48000,38.773053,0,0.000000001,-162.761,-156.741
48000,48000,38.773053,1,-0.000000003,-162.750,-156.730
48000,48000,39.335076,0,-0.000000002,-162.795,-156.774
48000,48000,39.335076,1,-0.000000001,-162.855,-156.835
48000,48000,39.905246,0,-0.000000000,-162.717,-156.696
48000,48000,39.905246,1,-0.000000004,-162.762,-156.742
48000,48000,40.483681,0,0.000000002,-162.768,-156.748
48000,48000,40.483681,1,0.000000002,-162.775,-156.754
48000,48000,41.070501,0,0.000000002,-162.814,-156.794
48000,48000,41.070501,1,-0.000000002,-162.719,-156.699
48000,48000,41.665826,0,0.000000001,-162.745,-156.724
48000,48000,41.665826,1,0.000000001,-162.823,-156.803
48000,48000,42.269781,0,0.000000000,-162.781,-156.760
48000,48000,42.269781,1,-0.000000002,-162.773,-156.752
48000,48000,42.882490,0,-0.000000003,-162.776,-156.756
48000,48000,42.882490,1,-0.000000007,-162.740,-156.719
48000,48000,43.504081,0,-0.000000002,-162.763,-156.743
48000,48000,43.504081,1,0.000000003,-162.817,-156.796
48000,48000,44.134681,0,-0.000000000,-162.795,-156.775
48000,48000,44.134681,1,0.000000001,-162.779,-156.758
48000,48000,44.774423,0,-0.000000001,-162.860,-156.839
48000,48000,44.774423,1,-0.000000004,-162.698,-156.677
48000,48000,45.423437,0,0.000000002,-162.699,-156.678
48000,48000,45.423437,1,-0.000000000,-162.756,-156.736
48000,48000,46.081860,0,0.000000003,-162.889,-156.869
48000,48000,46.081860,1,0.000000001,-162.700,-156.680
48000,48000,46.749826,0,-0.000000004,-162.859,-156.839
48000,48000,46.749826,1,0.000000004,-162.680,-156.659
48000,48000,47.427474,0,-0.000000001,-162.709,-156.689
48000,48000,47.427474,1,-0.000000001,-162.791,-156.770
48000,48000,48.114945,0,-0.000000001,-162.745,-156.724
48000,48000,48.114945,1,0.000000000,-162.824,-156.803
48000,48000,48.812381,0,-0.000000003,-162.745,-156.724
48000,48000,48.812381,1,0.000000003,-162.699,-156.679
48000,48000,49.519927,0,-0.000000005,-162.737,-156.716
48000,48000,49.519927,1,0.000000001,-162.844,-156.824
48000,48000,50.237729,0,0.000000000,-162.776,-156.756
48000,48000,50.237729,1,0.000000001,-162.783,-156.763
48000,48000,50.965935,0,-0.000000003,-162.806,-156.785
48000,48000,50.965935,1,-0.000000002,-162.855,-156.835
48000,48000,51.704697,0,-0.000000001,-162.763,-156.743
48000,48000,51.704697,1,0.000000000,-162.815,-156.794
48000,48000,52.454167,0,0.000000002,-162.816,-156.795
48000,48000,52.454167,1,0.000000004,-162.811,-156.790
48000,48000,53.214501,0,0.000000003,-162.766,-156.745
48000,48000,53.214501,1,0.000000005,-162.741,-156.720
48000,48000,53.985856,0,-0.000000002,-162.779,-156.758
48000,48000,53.985856,1,0.000000001,-162.756,-156.735
48000,48000,54.768393,0,0.000000001,-162.737,-156.717
48000,48000,54.768393,1,0.000000000,-162.781,-156.761
48000,48000,55.562272,0,0.000000002,-162.760,-156.739
48000,48000,55.562272,1,-0.000000001,-162.750,-156.730
48000,48000,56.367659,0,0.000000004,-162.744,-156.724
48000,48000,56.367659,1,-0.000000000,-162.783,-156.763
48000,48000,57.184720,0,0.000000003,-162.688,-156.667
48000,48000,57.184720,1,0.000000002,-162.826,-156.806
48000,48000,58.013624,0,0.000000004,-162.765,-156.744
48000,48000,58.013624,1,0.000000002,-162.776,-156.756
48000,48000,58.854544,0,-0.000000002,-162.755,-156.734
48000,48000,58.854544,1,-0.000000002,-162.865,-156.844
48000,48000,59.707652,0,-0.000000006,-162.721,-156.700
48000,48000,59.707652,1,0.000000002,-162.810,-156.789
48000,48000,60.573127,0,-0.000000001,-162.823,-156.802
48000,48000,60.573127,1,0.000000002,-162.694,-156.673
48000,48000,61.451147,0,-0.000000002,-162.818,-156.798
48000,48000,61.451147,1,0.000000001,-162.780,-156.759
48000,48000,62.341894,0,0.000000001,-162.785,-156.765
48000,48000,62.341894,1,-0.000000000,-162.706,-156.686
48000,48000,63.245553,0,0.000000002,-162.789,-156.768
48000,48000,63.245553,1,-0.000000003,-162.826,-156.806
48000,48000,64.162311,0,0.000000002,-162.801,-156.781
48000,48000,64.162311,1,-0.000000001,-162.841,-156.821
48000,48000,65.092357,0,0.000000003,-162.763,-156.742
48000,48000,65.092357,1,-0.000000001,-162.824,-156.804
48000,48000,66.035884,0,-0.000000001,-162.748,-156.728
48000,48000,66.035884,1,0.000000001,-162.788,-156.767
48000,48000,66.993088,0,-0.000000001,-162.773,-156.752
48000,48000,66.993088,1,0.000000001,-162.763,-156.743
48000,48000,67.964167,0,-0.000000002,-162.729,-156.708
48000,48000,67.964167,1,-0.000000001,-162.827,-156.806
48000,48000,68.949321,0,-0.000000004,-162.794,-156.773
48000,48000,68.949321,1,0.000000001,-162.720,-156.699
48000,48000,69.948756,0,-0.000000001,-162.773,-156.752
48000,48000,69.948756,1,-0.000000002,-162.783,-156.763
48000,48000,70.962678,0,0.000000003,-162.789,-156.768
48000,48000,70.962678,1,0.000000003,-162.856,-156.835
48000,48000,71.991297,0,-0.000000000,-162.728,-156.707
48000,48000,71.991297,1,-0.000000004,-162.760,-156.739
48000,48000,73.034825,0,-0.000000000,-162.688,-156.667
48000,48000,73.034825,1,-0.000000004,-162.844,-156.823
48000,48000,74.093480,0,0.000000004,-162.791,-156.770
48000,48000,74.093480,1,-0.000000001,-162.659,-156.639
48000,48000,75.167481,0,0.000000001,-162.705,-156.684
48000,48000,75.167481,1,0.000000007,-162.781,-156.760
48000,48000,76.257049,0,0.000000000,-162.809,-156.788
48000,48000,76.257049,1,-0.000000001,-162.756,-156.735
48000,48000,77.362411,0,0.000000002,-162.786,-156.766
48000,48000,77.362411,1,0.000000002,-162.681,-156.661
48000,48000,78.483795,0,-0.000000000,-162.753,-156.733
48000,48000,78.483795,1,-0.000000001,-162.714,-156.693
48000,48000,79.621434,0,-0.000000000,-162.763,-156.743
48000,48000,79.621434,1,0.000000001,-162.760,-156.739
48000,48000,80.775563,0,-0.000000001,-162.718,-156.697
48000,48000,80.775563,1,-0.000000001,-162.757,-156.736
48000,48000,81.946422,0,-0.000000000,-162.704,-156.684
48000,48000,81.946422,1,-0.000000001,-162.790,-156.769
48000,48000,83.134252,0,-0.000000000,-162.763,-156.742
48000,48000,83.134252,1,-0.000000004,-162.777,-156.756
48000,48000,84.339301,0,-0.000000002,-162.768,-156.748
48000,48000,84.339301,1,0.000000003,-162.677,-156.657
48000,48000,85.561816,0,0.000000002,-162.764,-156.744
48000,48000,85.561816,1,0.000000004,-162.785,-156.764
48000,48000,86.802053,0,-0.000000000,-162.728,-156.707
48000,48000,86.802053,1,-0.000000001,-162.754,-156.733
48000,48000,88.060267,0,-0.000000001,-162.828,-156.807
48000,48000,88.060267,1,0.000000003,-162.750,-156.730
48000,48000,89.336718,0,-0.000000000,-162.795,-156.774
48000,48000,89.336718,1,-0.000000000,-162.878,-156.858
48000,48000,90.631673,0,-0.000000002,-162.749,-156.728
48000,48000,90.631673,1,-0.000000001,-162.758,-156.738
48000,48000,91.945398,0,0.000000000,-162.796,-156.775
48000,48000,91.945398,1,-0.000000002,-162.767,-156.746
48000,48000,93.278165,0,0.000000001,-162.813,-156.792
48000,48000,93.278165,1,-0.000000003,-162.810,-156.789
48000,48000,94.630252,0,0.000000002,-162.776,-156.755
48000,48000,94.630252,1,-0.000000004,-162.757,-156.737
48000,48000,96.001937,0,0.000000001,-162.830,-156.810
48000,48000,96.001937,1,-0.000000003,-162.700,-156.680
48000,48000,97.393505,0,-0.000000004,-162.744,-156.723
48000,48000,97.393505,1,0.000000001,-162.811,-156.791
48000,48000,98.805244,0,-0.000000003,-162.753,-156.733
48000,48000,98.805244,1,0.000000002,-162.723,-156.702
48000,48000,100.237447,0,0.000000003,-162.818,-156.797
48000,48000,100.237447,1,-0.000000001,-162.827,-156.806
48000,48000,101.690409,0,0.000000001,-162.791,-156.770
48000,48000,101.690409,1,-0.000000001,-162.675,-156.655
48000,48000,103.164433,0,0.000000000,-162.720,-156.699
48000,48000,103.164433,1,-0.000000001,-162.725,-156.705
48000,48000,104.659823,0,0.000000005,-162.721,-156.700
48000,48000,104.659823,1,-0.000000002,-162.804,-156.784
48000,48000,106.176889,0,0.000000001,-162.768,-156.747
48000,48000,106.176889,1,-0.000000002,-162.751,-156.730
48000,48000,107.715945,0,0.000000000,-162.745,-156.725
48000,48000,107.715945,1,-0.000000003,-162.787,-156.767
48000,48000,109.277310,0,-0.000000002,-162.771,-156.750
48000,48000,109.277310,1,0.000000001,-162.770,-156.750
48000,48000,110.861307,0,0.000000002,-162.786,-156.765
48000,48000,110.861307,1,0.000000000,-162.791,-156.770
48000,48000,112.468265,0,0.000000001,-162.805,-156.785
48000,48000,112.468265,1,0.000000002,-162.692,-156.671
48000,48000,114.098516,0,0.000000000,-162.772,-156.751
48000,48000,114.098516,1,-0.000000000,-162.754,-156.733
48000,48000,115.752398,0,-0.000000002,-162.789,-156.768
48000,48000,115.752398,1,0.000000003,-162.720,-156.700
48000,48000,117.430253,0,-0.000000001,-162.779,-156.758
48000,48000,117.430253,1,-0.000000000,-162.696,-156.675
48000,48000,119.132429,0,-0.000000000,-162.728,-156.708
48000,48000,119.132429,1,0.000000002,-162.751,-156.730
48000,48000,120.859278,0,-0.000000001,-162.799,-156.778
48000,48000,120.859278,1,0.000000003,-162.777,-156.756
48000,48000,122.611158,0,-0.000000004,-162.768,-156.747
48000,48000,122.611158,1,0.000000003,-162.767,-156.747
48000,48000,124.388433,0,0.000000001,-162.777,-156.757
48000,48000,124.388433,1,-0.000000001,-162.741,-156.721
48000,48000,126.191469,0,0.000000000,-162.782,-156.761
48000,48000,126.191469,1,-0.000000003,-162.773,-156.752
48000,48000,128.020640,0,-0.000000005,-162.706,-156.686
48000,48000,128.020640,1,-0.000000003,-162.797,-156.776
48000,48000,129.876326,0,0.000000004,-162.778,-156.758
48000,48000,129.876326,1,-0.000000002,-162.859,-156.838
48000,48000,131.758911,0,0.000000002,-162.639,-156.618
48000,48000,131.758911,1,-0.000000004,-162.779,-156.758
48000,48000,133.668784,0,0.000000000,-162.693,-156.673
48000,48000,133.668784,1,-0.000000003,-162.738,-156.717
48000,48000,135.606340,0,0.000000000,-162.687,-156.666
48000,48000,135.606340,1,0.000000001,-162.674,-156.654
48000,48000,137.571982,0,0.000000001,-162.723,-156.703
48000,48000,137.571982,1,-0.000000004,-162.690,-156.669
48000,48000,139.566117,0,-0.000000000,-162.857,-156.837
48000,48000,139.566117,1,0.000000000,-162.827,-156.806
48000,48000,141.589157,0,-0.000000003,-162.727,-156.706
48000,48000,141.589157,1,-0.000000002,-162.741,-156.720
48000,48000,143.641521,0,0.000000001,-162.704,-156.683
48000,48000,143.641521,1,0.000000003,-162.780,-156.759
48000,48000,145.723635,0,0.000000000,-162.779,-156.758
48000,48000,145.723635,1,-0.000000002,-162.794,-156.773
48000,48000,147.835929,0,-0.000000001,-162.826,-156.805
48000,48000,147.835929,1,-0.000000004,-162.712,-156.691
48000,48000,149.978842,0,-0.000000000,-162.795,-156.774
48000,48000,149.978842,1,-0.000000004,-162.696,-156.675
48000,48000,152.152816,0,0.000000000,-162.854,-156.833
48000,48000,152.152816,1,-0.000000001,-162.812,-156.792
48000,48000,154.358303,0,-0.000000001,-162.763,-156.742
48000,48000,154.358303,1,0.000000002,-162.751,-156.730
48000,48000,156.595759,0,-0.000000002,-162.834,-156.814
48000,48000,156.595759,1,-0.000000000,-162.784,-156.764
48000,48000,158.865647,0,0.000000004,-162.732,-156.711
48000,48000,158.865647,1,0.000000001,-162.730,-156.709
48000,48000,161.168438,0,-0.000000002,-162.645,-156.625
48000,48000,161.168438,1,-0.000000002,-162.834,-156.814
48000,48000,163.504608,0,-0.000000003,-162.764,-156.743
48000,48000,163.504608,1,0.000000002,-162.798,-156.777
48000,48000,165.874641,0,-0.000000002,-162.688,-156.667
48000,48000,165.874641,1,0.000000001,-162.699,-156.679
48000,48000,168.279028,0,0.000000002,-162.820,-156.799
48000,48000,168.279028,1,-0.000000002,-162.692,-156.672
48000,48000,170.718268,0,-0.000000002,-162.786,-156.765
48000,48000,170.718268,1,0.000000002,-162.725,-156.704
48000,48000,173.192865,0,0.000000004,-162.722,-156.702
48000,48000,173.192865,1,0.000000003,-162.794,-156.773
48000,48000,175.703331,0,-0.000000001,-162.769,-156.749
48000,48000,175.703331,1,-0.000000003,-162.730,-156.709
48000,48000,178.250188,0,-0.000000001,-162.782,-156.761
48000,48000,178.250188,1,0.000000004,-162.829,-156.808
48000,48000,180.833961,0,0.000000004,-162.764,-156.744
48000,48000,180.833961,1,0.000000001,-162.812,-156.791
48000,48000,183.455187,0,0.000000001,-162.800,-156.780
48000,48000,183.455187,1,-0.000000002,-162.782,-156.762
48000,48000,186.114408,0,-0.000000003,-162.758,-156.738
48000,48000,186.114408,1,-0.000000002,-162.767,-156.746
48000,48000,188.812175,0,0.000000000,-162.646,-156.625
48000,48000,188.812175,1,0.000000003,-162.737,-156.717
48000,48000,191.549047,0,0.000000001,-162.730,-156.710
48000,48000,191.549047,1,-0.000000002,-162.757,-156.736
48000,48000,194.325590,0,0.000000002,-162.767,-156.746
48000,48000,194.325590,1,-0.000000001,-162.751,-156.730
48000,48000,197.142380,0,-0.000000004,-162.766,-156.745
48000,48000,197.142380,1,-0.000000002,-162.779,-156.759
48000,48000,200.000000,0,-0.000000017,-162.525,-156.504
48000,48000,200.000000,1,-0.000000017,-162.525,-156.504
48000,48000,202.899042,0,0.000000001,-162.788,-156.767
48000,48000,202.899042,1,-0.000000003,-162.763,-156.743
48000,48000,205.840105,0,0.000000003,-162.781,-156.760
48000,48000,205.840105,1,-0.000000005,-162.733,-156.713
48000,48000,208.823801,0,0.000000005,-162.757,-156.737
48000,48000,208.823801,1,0.000000001,-162.676,-156.655
48000,48000,211.850745,0,-0.000000000,-162.730,-156.710
48000,48000,211.850745,1,-0.000000001,-162.829,-156.808
48000,48000,214.921566,0,-0.000000002,-162.819,-156.798
48000,48000,214.921566,1,-0.000000001,-162.744,-156.724
48000,48000,218.036898,0,-0.000000003,-162.740,-156.720
48000,48000,218.036898,1,-0.000000002,-162.770,-156.750
48000,48000,221.197389,0,0.000000001,-162.861,-156.840
48000,48000,221.197389,1,0.000000003,-162.778,-156.757
48000,48000,224.403691,0,0.000000004,-162.867,-156.846
48000,48000,224.403691,1,0.000000002,-162.747,-156.727
48000,48000,227.656469,0,0.000000000,-162.748,-156.727
48000,48000,227.656469,1,-0.000000001,-162.784,-156.763
48000,48000,230.956397,0,0.000000003,-162.751,-156.731
48000,48000,230.956397,1,0.000000002,-162.753,-156.732
48000,48000,234.304158,0,-0.000000003,-162.730,-156.709
48000,48000,234.304158,1,0.000000002,-162.815,-156.794
48000,48000,237.700445,0,0.000000001,-162.791,-156.770
48000,48000,237.700445,1,-0.000000002,-162.804,-156.784
48000,48000,241.145963,0,0.000000002,-162.831,-156.811
48000,48000,241.145963,1,0.000000000,-162.727,-156.706
48000,48000,244.641424,0,0.000000003,-162.740,-156.719
48000,48000,244.641424,1,0.000000003,-162.646,-156.625
48000,48000,248.187552,0,0.000000002,-162.765,-156.744
48000,48000,248.187552,1,-0.000000002,-162.769,-156.748
48000,48000,251.785082,0,0.000000001,-162.717,-156.697
48000,48000,251.785082,1,-0.000000002,-162.708,-156.687
48000,48000,255.434760,0,-0.000000001,-162.776,-156.755
48000,48000,255.434760,1,-0.000000003,-162.808,-156.788
48000,48000,259.137340,0,-0.000000000,-162.767,-156.746
48000,48000,259.137340,1,0.000000001,-162.846,-156.825
48000,48000,262.893589,0,-0.000000001,-162.824,-156.803
48000,48000,262.893589,1,0.000000004,-162.742,-156.721
48000,48000,266.704286,0,-0.000000001,-162.752,-156.732
48000,48000,266.704286,1,0.000000000,-162.675,-156.654
48000,48000,270.570221,0,-0.000000004,-162.733,-156.712
48000,48000,270.570221,1,0.000000001,-162.743,-156.723
48000,48000,274.492192,0,-0.000000001,-162.736,-156.715
48000,48000,274.492192,1,0.000000001,-162.726,-156.705
48000,48000,278.471014,0,0.000000002,-162.766,-156.746
48000,48000,278.471014,1,-0.000000000,-162.754,-156.733
48000,48000,282.507509,0,-0.000000004,-162.819,-156.798
48000,48000,282.507509,1,-0.000000002,-162.873,-156.852
48000,48000,286.602514,0,-0.000000003,-162.784,-156.763
48000,48000,286.602514,1,-0.000000000,-162.703,-156.683
48000,48000,290.756877,0,-0.000000002,-162.745,-156.724
48000,48000,290.756877,1,-0.000000000,-162.723,-156.702
48000,48000,294.971459,0,-0.000000003,-162.763,-156.742
48000,48000,294.971459,1,-0.000000001,-162.780,-156.759
48000,48000,299.247131,0,-0.000000002,-162.766,-156.746
48000,48000,299.247131,1,-0.000000003,-162.782,-156.761
48000,48000,303.584781,0,0.000000001,-162.800,-156.779
48000,48000,303.584781,1,-0.000000002,-162.702,-156.681
48000,48000,307.985305,0,-0.000000001,-162.723,-156.702
48000,48000,307.985305,1,0.000000001,-162.698,-156.678
48000,48000,312.449616,0,0.000000002,-162.799,-156.778
48000,48000,312.449616,1,0.000000000,-162.760,-156.739
48000,48000,316.978638,0,-0.000000003,-162.799,-156.779
48000,48000,316.978638,1,0.000000001,-162.749,-156.729
48000,48000,321.573310,0,0.000000001,-162.737,-156.716
48000,48000,321.573310,1,0.000000002,-162.710,-156.690
48000,48000,326.234582,0,-0.000000003,-162.769,-156.748
48000,48000,326.234582,1,0.000000001,-162.719,-156.698
48000,48000,330.963420,0,-0.000000000,-162.821,-156.801
48000,48000,330.963420,1,-0.000000003,-162.754,-156.734
48000,48000,335.760804,0,-0.000000004,-162.732,-156.711
48000,48000,335.760804,1,-0.000000001,-162.670,-156.650
48000,48000,340.627726,0,0.000000002,-162.698,-156.678
48000,48000,340.627726,1,-0.000000001,-162.780,-156.760
48000,48000,345.565196,0,-0.000000002,-162.774,-156.754
48000,48000,345.565196,1,-0.000000003,-162.783,-156.763
48000,48000,350.574236,0,-0.000000000,-162.787,-156.766
48000,48000,350.574236,1,-0.000000001,-162.756,-156.735
48000,48000,355.655882,0,0.000000002,-162.806,-156.785
48000,48000,355.655882,1,0.000000000,-162.729,-156.708
48000,48000,360.811188,0,0.000000003,-162.827,-156.806
48000,48000,360.811188,1,0.000000000,-162.721,-156.701
48000,48000,366.041221,0,0.000000001,-162.753,-156.732
48000,48000,366.041221,1,0.000000000,-162.756,-156.736
48000,48000,371.347065,0,0.000000001,-162.792,-156.771
48000,48000,371.347065,1,0.000000002,-162.670,-156.650
48000,48000,376.729818,0,-0.000000000,-162.814,-156.793
48000,48000,376.729818,1,0.000000002,-162.803,-156.782
48000,48000,382.190595,0,0.000000003,-162.814,-156.794
48000,48000,382.190595,1,-0.000000002,-162.748,-156.728
48000,48000,387.730527,0,0.000000002,-162.806,-156.785
48000,48000,387.730527,1,0.000000001,-162.801,-156.781
48000,48000,393.350762,0,0.000000001,-162.763,-156.742
48000,48000,393.350762,1,-0.000000002,-162.812,-156.791
48000,48000,399.052463,0,0.000000001,-162.720,-156.699
48000,48000,399.052463,1,0.000000000,-162.793,-156.773
48000,48000,404.836811,0,-0.000000003,-162.735,-156.715
48000,48000,404.836811,1,-0.000000000,-162.631,-156.610
48000,48000,410.705005,0,0.000000002,-162.791,-156.770
48000,48000,410.705005,1,0.000000003,-162.703,-156.682
48000,48000,416.658260,0,-0.000000000,-162.695,-156.674
48000,48000,416.658260,1,-0.000000001,-162.658,-156.638
48000,48000,422.697808,0,0.000000001,-162.760,-156.739
48000,48000,422.697808,1,-0.000000001,-162.676,-156.656
48000,48000,428.824901,0,0.000000003,-162.720,-156.699
48000,48000,428.824901,1,-0.000000001,-162.672,-156.651
48000,48000,435.040807,0,0.000000003,-162.817,-156.796
48000,48000,435.040807,1,-0.000000003,-162.737,-156.716
48000,48000,441.346814,0,-0.000000002,-162.752,-156.732
48000,48000,441.346814,1,0.000000002,-162.811,-156.790
48000,48000,447.744228,0,-0.000000002,-162.824,-156.804
48000,48000,447.744228,1,-0.000000004,-162.795,-156.774
48000,48000,454.234373,0,-0.000000002,-162.752,-156.731
48000,48000,454.234373,1,0.000000000,-162.815,-156.795
48000,48000,460.818595,0,-0.000000001,-162.743,-156.723
48000,48000,460.818595,1,-0.000000001,-162.709,-156.689
48000,48000,467.498257,0,0.000000001,-162.742,-156.722
48000,48000,467.498257,1,0.000000001,-162.706,-156.686
48000,48000,474.274741,0,-0.000000001,-162.791,-156.771
48000,48000,474.274741,1,-0.000000002,-162.769,-156.748
48000,48000,481.149452,0,0.000000001,-162.789,-156.768
48000,48000,481.149452,1,-0.000000002,-162.686,-156.666
48000,48000,488.123814,0,-0.000000001,-162.747,-156.726
48000,48000,488.123814,1,-0.000000000,-162.747,-156.726
48000,48000,495.199270,0,0.000000003,-162.707,-156.686
48000,48000,495.199270,1,0.000000000,-162.717,-156.696
48000,48000,502.377286,0,0.000000002,-162.776,-156.756
48000,48000,502.377286,1,-0.000000000,-162.761,-156.741
48000,48000,509.659350,0,0.000000001,-162.673,-156.652
48000,48000,509.659350,1,0.000000002,-162.780,-156.759
48000,48000,517.046968,0,-0.000000002,-162.644,-156.624
48000,48000,517.046968,1,-0.000000002,-162.704,-156.683
48000,48000,524.541671,0,-0.000000001,-162.735,-156.714
48000,48000,524.541671,1,-0.000000003,-162.846,-156.826
48000,48000,532.145012,0,-0.000000001,-162.720,-156.699
48000,48000,532.145012,1,0.000000002,-162.679,-156.658
48000,48000,539.858565,0,0.000000002,-162.748,-156.728
48000,48000,539.858565,1,0.000000003,-162.845,-156.824
48000,48000,547.683927,0,-0.000000002,-162.757,-156.737
48000,48000,547.683927,1,0.000000002,-162.737,-156.717
48000,48000,555.622719,0,0.000000005,-162.706,-156.686
48000,48000,555.622719,1,0.000000002,-162.780,-156.759
48000,48000,563.676586,0,0.000000000,-162.786,-156.765
48000,48000,563.676586,1,0.000000002,-162.732,-156.711
48000,48000,571.847196,0,-0.000000001,-162.856,-156.836
48000,48000,571.847196,1,0.000000000,-162.853,-156.833
48000,48000,580.136240,0,0.000000001,-162.802,-156.781
48000,48000,580.136240,1,0.000000001,-162.727,-156.707
48000,48000,588.545435,0,-0.000000002,-162.699,-156.678
48000,48000,588.545435,1,-0.000000001,-162.773,-156.752
48000,48000,597.076524,0,0.000000002,-162.764,-156.744
48000,48000,597.076524,1,-0.000000000,-162.796,-156.776
48000,48000,605.731272,0,-0.000000003,-162.761,-156.740
48000,48000,605.731272,1,0.000000000,-162.760,-156.739
48000,48000,614.511473,0,0.000000001,-162.790,-156.769
48000,48000,614.511473,1,-0.000000003,-162.817,-156.797
48000,48000,623.418945,0,0.000000002,-162.799,-156.778
48000,48000,623.418945,1,-0.000000004,-162.704,-156.683
48000,48000,632.455532,0,0.000000003,-162.828,-156.807
48000,48000,632.455532,1,0.000000001,-162.681,-156.661
48000,48000,641.623107,0,-0.000000001,-162.737,-156.716
48000,48000,641.623107,1,0.000000002,-162.674,-156.654
48000,48000,650.923567,0,0.000000000,-162.703,-156.682
48000,48000,650.923567,1,-0.000000002,-162.748,-156.727
48000,48000,660.358840,0,0.000000001,-162.727,-156.706
48000,48000,660.358840,1,-0.000000000,-162.727,-156.706
48000,48000,669.930878,0,0.000000002,-162.702,-156.681
48000,48000,669.930878,1,-0.000000002,-162.830,-156.809
48000,48000,679.641666,0,0.000000004,-162.841,-156.820
48000,48000,679.641666,1,-0.000000002,-162.781,-156.761
48000,48000,689.493213,0,0.000000002,-162.752,-156.731
48000,48000,689.493213,1,-0.000000000,-162.749,-156.728
48000,48000,699.487561,0,0.000000001,-162.732,-156.712
48000,48000,699.487561,1,0.000000004,-162.742,-156.721
48000,48000,709.626778,0,-0.000000001,-162.735,-156.714
48000,48000,709.626778,1,-0.000000000,-162.761,-156.741
48000,48000,719.912966,0,0.000000001,-162.789,-156.768
48000,48000,719.912966,1,-0.000000000,-162.847,-156.827
48000,48000,730.348255,0,0.000000001,-162.721,-156.701
48000,48000,730.348255,1,-0.000000001,-162.845,-156.824
48000,48000,740.934804,0,-0.000000005,-162.799,-156.778
48000,48000,740.934804,1,-0.000000003,-162.762,-156.742
48000,48000,751.674809,0,-0.000000003,-162.752,-156.731
48000,48000,751.674809,1,-0.000000000,-162.746,-156.726
48000,48000,762.570491,0,-0.000000003,-162.734,-156.713
48000,48000,762.570491,1,-0.000000001,-162.750,-156.729
48000,48000,773.624109,0,0.000000001,-162.861,-156.840
48000,48000,773.624109,1,-0.000000003,-162.691,-156.670
48000,48000,784.837952,0,-0.000000004,-162.720,-156.699
48000,48000,784.837952,1,0.000000001,-162.738,-156.717
48000,48000,796.214341,0,0.000000001,-162.695,-156.675
48000,48000,796.214341,1,0.000000002,-162.758,-156.737
48000,48000,807.755634,0,0.000000002,-162.713,-156.693
48000,48000,807.755634,1,-0.000000002,-162.776,-156.755
48000,48000,819.464220,0,-0.000000000,-162.816,-156.795
48000,48000,819.464220,1,0.000000002,-162.665,-156.644
48000,48000,831.342524,0,0.000000003,-162.753,-156.733
48000,48000,831.342524,1,0.000000001,-162.756,-156.735
48000,48000,843.393007,0,0.000000003,-162.707,-156.686
48000,48000,843.393007,1,-0.000000001,-162.794,-156.773
48000,48000,855.618164,0,-0.000000003,-162.789,-156.768
48000,48000,855.618164,1,0.000000006,-162.704,-156.684
48000,48000,868.020527,0,-0.000000001,-162.805,-156.784
48000,48000,868.020527,1,-0.000000000,-162.774,-156.754
48000,48000,880.602665,0,-0.000000002,-162.695,-156.674
48000,48000,880.602665,1,0.000000003,-162.760,-156.740
48000,48000,893.367184,0,-0.000000003,-162.751,-156.731
48000,48000,893.367184,1,-0.000000004,-162.765,-156.744
48000,48000,906.316728,0,-0.000000001,-162.732,-156.711
48000,48000,906.316728,1,-0.000000001,-162.719,-156.699
48000,48000,919.453977,0,0.000000001,-162.725,-156.704
48000,48000,919.453977,1,0.000000001,-162.811,-156.791
48000,48000,932.781654,0,0.000000003,-162.835,-156.814
48000,48000,932.781654,1,-0.000000003,-162.805,-156.784
48000,48000,946.302518,0,0.000000001,-162.728,-156.707
48000,48000,946.302518,1,-0.000000003,-162.773,-156.752
48000,48000,960.019370,0,0.000000004,-162.851,-156.830
48000,48000,960.019370,1,-0.000000001,-162.778,-156.758
48000,48000,973.935050,0,0.000000001,-162.754,-156.734
48000,48000,973.935050,1,-0.000000002,-162.814,-156.794
48000,48000,988.052442,0,-0.000000001,-162.789,-156.768
48000,48000,988.052442,1,0.000000001,-162.752,-156.731
48000,48000,1002.374467,0,0.000000000,-162.841,-156.821
48000,48000,1002.374467,1,-0.000000003,-162.730,-156.710
48000,48000,1016.904094,0,0.000000001,-162.751,-156.730
48000,48000,1016.904094,1,0.000000001,-162.843,-156.822
48000,48000,1031.644330,0,-0.000000001,-162.727,-156.707
48000,48000,1031.644330,1,0.000000003,-162.804,-156.783
48000,48000,1046.598229,0,0.000000002,-162.717,-156.696
48000,48000,1046.598229,1,-0.000000002,-162.811,-156.790
48000,48000,1061.768888,0,0.000000001,-162.713,-156.693
48000,48000,1061.768888,1,-0.000000003,-162.742,-156.722
48000,48000,1077.159449,0,-0.000000002,-162.764,-156.744
48000,48000,1077.159449,1,0.000000001,-162.770,-156.750
48000,48000,1092.773100,0,0.000000003,-162.794,-156.773
48000,48000,1092.773100,1,-0.000000001,-162.705,-156.684
48000,48000,1108.613073,0,-0.000000004,-162.794,-156.773
48000,48000,1108.613073,1,-0.000000001,-162.764,-156.744
48000,48000,1124.682650,0,0.000000003,-162.767,-156.747
48000,48000,1124.682650,1,0.000000001,-162.766,-156.746
48000,48000,1140.985159,0,-0.000000000,-162.846,-156.825
48000,48000,1140.985159,1,0.000000001,-162.731,-156.711
48000,48000,1157.523977,0,-0.000000000,-162.803,-156.782
48000,48000,1157.523977,1,0.000000001,-162.783,-156.762
48000,48000,1174.302528,0,0.000000002,-162.767,-156.746
48000,48000,1174.302528,1,-0.000000000,-162.702,-156.682
48000,48000,1191.324287,0,0.000000001,-162.698,-156.678
48000,48000,1191.324287,1,0.000000003,-162.728,-156.708
48000,48000,1208.592780,0,-0.000000001,-162.751,-156.731
48000,48000,1208.592780,1,0.000000000,-162.632,-156.612
48000,48000,1226.111584,0,0.000000002,-162.723,-156.703
48000,48000,1226.111584,1,-0.000000002,-162.772,-156.751
48000,48000,1243.884327,0,-0.000000002,-162.768,-156.747
48000,48000,1243.884327,1,0.000000002,-162.745,-156.725
48000,48000,1261.914689,0,-0.000000006,-162.792,-156.771
48000,48000,1261.914689,1,-0.000000003,-162.801,-156.781
48000,48000,1280.206405,0,0.000000000,-162.796,-156.776
48000,48000,1280.206405,1,-0.000000004,-162.722,-156.702
48000,48000,1298.763263,0,-0.000000003,-162.795,-156.774
48000,48000,1298.763263,1,0.000000002,-162.768,-156.748
48000,48000,1317.589107,0,0.000000001,-162.787,-156.766
48000,48000,1317.589107,1,-0.000000001,-162.788,-156.767
48000,48000,1336.687835,0,-0.000000001,-162.761,-156.741
48000,48000,1336.687835,1,0.000000002,-162.760,-156.740
48000,48000,1356.063403,0,-0.000000003,-162.737,-156.716
48000,48000,1356.063403,1,-0.000000002,-162.753,-156.733
48000,48000,1375.719825,0,0.000000002,-162.738,-156.718
48000,48000,1375.719825,1,0.000000002,-162.792,-156.772
48000,48000,1395.661170,0,0.000000003,-162.819,-156.798
48000,48000,1395.661170,1,-0.000000001,-162.816,-156.796
48000,48000,1415.891569,0,0.000000005,-162.778,-156.757
48000,48000,1415.891569,1,-0.000000000,-162.864,-156.843
48000,48000,1436.415212,0,0.000000001,-162.749,-156.729
48000,48000,1436.415212,1,-0.000000001,-162.770,-156.749
48000,48000,1457.236349,0,-0.000000001,-162.769,-156.748
48000,48000,1457.236349,1,0.000000000,-162.706,-156.686
48000,48000,1478.359293,0,0.000000002,-162.754,-156.733
48000,48000,1478.359293,1,0.000000002,-162.756,-156.736
48000,48000,1499.788419,0,-0.000000001,-162.720,-156.699
48000,48000,1499.788419,1,0.000000000,-162.802,-156.781
48000,48000,1521.528164,0,-0.000000002,-162.848,-156.827
48000,48000,1521.528164,1,-0.000000002,-162.755,-156.734
48000,48000,1543.583031,0,0.000000003,-162.790,-156.770
48000,48000,1543.583031,1,-0.000000000,-162.848,-156.827
48000,48000,1565.957588,0,-0.000000003,-162.764,-156.743
48000,48000,1565.957588,1,-0.000000003,-162.784,-156.763
48000,48000,1588.656469,0,0.000000001,-162.754,-156.733
48000,48000,1588.656469,1,-0.000000000,-162.796,-156.775
48000,48000,1611.684376,0,-0.000000001,-162.814,-156.793
48000,48000,1611.684376,1,-0.000000001,-162.715,-156.695
48000,48000,1635.046076,0,-0.000000003,-162.769,-156.748
48000,48000,1635.046076,1,0.000000003,-162.720,-156.700
48000,48000,1658.746409,0,0.000000003,-162.772,-156.751
48000,48000,1658.746409,1,0.000000001,-162.824,-156.803
48000,48000,1682.790283,0,-0.000000000,-162.642,-156.621
48000,48000,1682.790283,1,0.000000002,-162.817,-156.797
48000,48000,1707.182679,0,-0.000000003,-162.741,-156.720
48000,48000,1707.182679,1,0.000000002,-162.713,-156.693
48000,48000,1731.928647,0,-0.000000003,-162.692,-156.671
48000,48000,1731.928647,1,-0.000000000,-162.816,-156.796
48000,48000,1757.033313,0,0.000000003,-162.756,-156.736
48000,48000,1757.033313,1,0.000000003,-162.754,-156.734
48000,48000,1782.501876,0,0.000000001,-162.702,-156.681
48000,48000,1782.501876,1,-0.000000002,-162.771,-156.750
48000,48000,1808.339612,0,0.000000005,-162.800,-156.780
48000,48000,1808.339612,1,0.000000001,-162.785,-156.765
48000,48000,1834.551871,0,0.000000005,-162.803,-156.782
48000,48000,1834.551871,1,0.000000003,-162.790,-156.770
48000,48000,1861.144082,0,0.000000001,-162.719,-156.699
48000,48000,1861.144082,1,-0.000000002,-162.698,-156.677
48000,48000,1888.121753,0,-0.000000002,-162.815,-156.794
48000,48000,1888.121753,1,0.000000005,-162.722,-156.701
48000,48000,1915.490470,0,-0.000000001,-162.741,-156.720
48000,48000,1915.490470,1,0.000000003,-162.850,-156.830
48000,48000,1943.255903,0,0.000000001,-162.814,-156.793
48000,48000,1943.255903,1,-0.000000000,-162.734,-156.714
48000,48000,1971.423802,0,0.000000000,-162.726,-156.705
48000,48000,1971.423802,1,-0.000000001,-162.778,-156.757
48000,48000,2000.000000,0,-0.000000103,-171.923,-165.903
48000,48000,2000.000000,1,-0.000000103,-171.923,-165.903
48000,48000,2028.990416,0,-0.000000003,-162.737,-156.716
48000,48000,2028.990416,1,0.000000006,-162.770,-156.749
48000,48000,2058.401054,0,0.000000000,-162.763,-156.742
48000,48000,2058.401054,1,0.000000001,-162.760,-156.739
48000,48000,2088.238006,0,0.000000000,-162.810,-156.789
48000,48000,2088.238006,1,0.000000000,-162.769,-156.748
48000,48000,2118.507450,0,0.000000005,-162.798,-156.777
48000,48000,2118.507450,1,-0.000000001,-162.774,-156.753
48000,48000,2149.215657,0,0.000000003,-162.791,-156.770
48000,48000,2149.215657,1,0.000000001,-162.791,-156.770
48000,48000,2180.368985,0,0.000000001,-162.698,-156.678
48000,48000,2180.368985,1,0.000000002,-162.784,-156.763
48000,48000,2211.973887,0,0.000000001,-162.772,-156.751
48000,48000,2211.973887,1,-0.000000002,-162.686,-156.666
48000,48000,2244.036909,0,-0.000000004,-162.795,-156.775
48000,48000,2244.036909,1,-0.000000001,-162.824,-156.804
48000,48000,2276.564691,0,-0.000000000,-162.777,-156.756
48000,48000,2276.564691,1,-0.000000001,-162.753,-156.732
48000,48000,2309.563969,0,-0.000000001,-162.771,-156.750
48000,48000,2309.563969,1,0.000000001,-162.833,-156.813
48000,48000,2343.041580,0,-0.000000001,-162.776,-156.755
48000,48000,2343.041580,1,0.000000000,-162.833,-156.813
48000,48000,2377.004455,0,-0.000000002,-162.808,-156.787
48000,48000,2377.004455,1,0.000000003,-162.738,-156.717
48000,48000,2411.459629,0,-0.000000000,-162.757,-156.736
48000,48000,2411.459629,1,0.000000000,-162.740,-156.719
48000,48000,2446.414238,0,0.000000005,-162.801,-156.780
48000,48000,2446.414238,1,0.000000000,-162.812,-156.791
48000,48000,2481.875522,0,0.000000002,-162.716,-156.696
48000,48000,2481.875522,1,0.000000003,-162.735,-156.714
48000,48000,2517.850824,0,0.000000001,-162.801,-156.780
48000,48000,2517.850824,1,-0.000000005,-162.726,-156.706
48000,48000,2554.347595,0,-0.000000001,-162.718,-156.698
48000,48000,2554.347595,1,0.000000001,-162.807,-156.786
48000,48000,2591.373395,0,-0.000000003,-162.804,-156.784
48000,48000,2591.373395,1,0.000000000,-162.802,-156.782
48000,48000,2628.935892,0,-0.000000001,-162.765,-156.744
48000,48000,2628.935892,1,-0.000000002,-162.765,-156.744
48000,48000,2667.042864,0,-0.000000002,-162.717,-156.696
48000,48000,2667.042864,1,-0.000000001,-162.729,-156.708
48000,48000,2705.702206,0,-0.000000000,-162.813,-156.792
48000,48000,2705.702206,1,-0.000000004,-162.776,-156.755
48000,48000,2744.921922,0,-0.000000001,-162.756,-156.735
48000,48000,2744.921922,1,0.000000003,-162.801,-156.781
48000,48000,2784.710136,0,-0.000000004,-162.810,-156.789
48000,48000,2784.710136,1,-0.000000001,-162.816,-156.796
48000,48000,2825.075089,0,0.000000000,-162.782,-156.761
48000,48000,2825.075089,1,0.000000001,-162.740,-156.720
48000,48000,2866.025140,0,0.000000001,-162.755,-156.734
48000,48000,2866.025140,1,-0.000000001,-162.732,-156.712
48000,48000,2907.568771,0,-0.000000001,-162.770,-156.750
48000,48000,2907.568771,1,0.000000003,-162.741,-156.721
48000,48000,2949.714586,0,0.000000001,-162.777,-156.756
48000,48000,2949.714586,1,0.000000001,-162.748,-156.727
48000,48000,2992.471312,0,-0.000000001,-162.783,-156.763
48000,48000,2992.471312,1,0.000000001,-162.790,-156.770
48000,48000,3035.847806,0,0.000000001,-162.751,-156.731
48000,48000,3035.847806,1,0.000000002,-162.750,-156.730
48000,48000,3079.853052,0,-0.000000000,-162.779,-156.759
48000,48000,3079.853052,1,0.000000001,-162.798,-156.778
48000,48000,3124.496163,0,-0.000000001,-162.749,-156.729
48000,48000,3124.496163,1,0.000000000,-162.789,-156.769
48000,48000,3169.786385,0,0.000000000,-162.844,-156.823
48000,48000,3169.786385,1,-0.000000004,-162.704,-156.683
48000,48000,3215.733098,0,0.000000001,-162.727,-156.706
48000,48000,3215.733098,1,0.000000003,-162.752,-156.732
48000,48000,3262.345818,0,-0.000000000,-162.756,-156.736
48000,48000,3262.345818,1,-0.000000003,-162.752,-156.731
48000,48000,3309.634200,0,-0.000000000,-162.756,-156.735
48000,48000,3309.634200,1,-0.000000001,-162.765,-156.744
48000,48000,3357.608036,0,-0.000000002,-162.761,-156.740
48000,48000,3357.608036,1,-0.000000001,-162.703,-156.682
48000,48000,3406.277263,0,-0.000000002,-162.704,-156.684
48000,48000,3406.277263,1,0.000000004,-162.768,-156.747
48000,48000,3455.651961,0,0.000000000,-162.786,-156.766
48000,48000,3455.651961,1,0.000000001,-162.727,-156.707
48000,48000,3505.742355,0,0.000000000,-162.740,-156.719
48000,48000,3505.742355,1,0.000000002,-162.786,-156.765
48000,48000,3556.558820,0,0.000000001,-162.728,-156.708
48000,48000,3556.558820,1,0.000000000,-162.720,-156.699
48000,48000,3608.111880,0,-0.000000001,-162.720,-156.700
48000,48000,3608.111880,1,0.000000000,-162.852,-156.831
48000,48000,3660.412213,0,0.000000003,-162.835,-156.814
48000,48000,3660.412213,1,0.000000002,-162.762,-156.741
48000,48000,3713.470649,0,-0.000000002,-162.818,-156.798
48000,48000,3713.470649,1,0.000000001,-162.786,-156.766
48000,48000,3767.298179,0,0.000000000,-162.788,-156.767
48000,48000,3767.298179,1,0.000000005,-162.758,-156.737
48000,48000,3821.905950,0,0.000000001,-162.768,-156.747
48000,48000,3821.905950,1,0.000000001,-162.701,-156.681
48000,48000,3877.305272,0,0.000000004,-162.815,-156.794
48000,48000,3877.305272,1,-0.000000001,-162.785,-156.765
48000,48000,3933.507619,0,-0.000000000,-162.898,-156.877
48000,48000,3933.507619,1,-0.000000001,-162.797,-156.777
48000,48000,3990.524630,0,-0.000000000,-162.745,-156.724
48000,48000,3990.524630,1,0.000000001,-162.745,-156.725
48000,48000,4048.368115,0,0.000000006,-162.778,-156.758
48000,48000,4048.368115,1,-0.000000002,-162.703,-156.683
48000,48000,4107.050053,0,-0.000000000,-162.836,-156.816
48000,48000,4107.050053,1,0.000000002,-162.761,-156.740
48000,48000,4166.582598,0,-0.000000002,-162.748,-156.728
48000,48000,4166.582598,1,-0.000000001,-162.755,-156.734
48000,48000,4226.978080,0,-0.000000002,-162.702,-156.681
48000,48000,4226.978080,1,0.000000003,-162.744,-156.723
48000,48000,4288.249006,0,0.000000001,-162.757,-156.736
48000,48000,4288.249006,1,0.000000001,-162.738,-156.718
48000,48000,4350.408068,0,-0.000000001,-162.757,-156.736
48000,48000,4350.408068,1,-0.000000002,-162.751,-156.730
48000,48000,4413.468138,0,-0.000000000,-162.799,-156.778
48000,48000,4413.468138,1,0.000000001,-162.770,-156.749
48000,48000,4477.442277,0,-0.000000003,-162.785,-156.764
48000,48000,4477.442277,1,-0.000000002,-162.797,-156.776
48000,48000,4542.343735,0,0.000000002,-162.727,-156.706
48000,48000,4542.343735,1,-0.000000004,-162.808,-156.787
48000,48000,4608.185952,0,-0.000000000,-162.822,-156.802
48000,48000,4608.185952,1,0.000000002,-162.755,-156.734
48000,48000,4674.982566,0,-0.000000002,-162.723,-156.702
48000,48000,4674.982566,1,-0.000000001,-162.784,-156.764
48000,48000,4742.747411,0,-0.000000001,-162.776,-156.756
48000,48000,4742.747411,1,0.000000000,-162.822,-156.801
48000,48000,4811.494522,0,-0.000000001,-162.812,-156.792
48000,48000,4811.494522,1,-0.000000005,-162.765,-156.744
48000,48000,4881.238136,0,0.000000003,-162.748,-156.727
48000,48000,4881.238136,1,0.000000002,-162.818,-156.797
48000,48000,4951.992698,0,0.000000002,-162.743,-156.722
48000,48000,4951.992698,1,0.000000003,-162.806,-156.785
48000,48000,5023.772863,0,-0.000000000,-162.754,-156.734
48000,48000,5023.772863,1,-0.000000002,-162.756,-156.735
48000,48000,5096.593496,0,0.000000002,-162.729,-156.708
48000,48000,5096.593496,1,-0.000000002,-162.652,-156.631
48000,48000,5170.469679,0,-0.000000002,-162.736,-156.715
48000,48000,5170.469679,1,0.000000004,-162.788,-156.767
48000,48000,5245.416713,0,-0.000000001,-162.769,-156.749
48000,48000,5245.416713,1,-0.000000004,-162.758,-156.737
48000,48000,5321.450120,0,0.000000002,-162.741,-156.720
48000,48000,5321.450120,1,-0.000000000,-162.751,-156.731
48000,48000,5398.585646,0,0.000000003,-162.786,-156.766
48000,48000,5398.585646,1,-0.000000003,-162.747,-156.726
48000,48000,5476.839269,0,0.000000001,-162.776,-156.755
48000,48000,5476.839269,1,-0.000000001,-162.757,-156.736
48000,48000,5556.227193,0,-0.000000003,-162.785,-156.765
48000,48000,5556.227193,1,-0.000000002,-162.845,-156.825
48000,48000,5636.765863,0,-0.000000002,-162.736,-156.716
48000,48000,5636.765863,1,-0.000000000,-162.771,-156.750
48000,48000,5718.471957,0,-0.000000003,-162.710,-156.690
48000,48000,5718.471957,1,-0.000000000,-162.687,-156.666
48000,48000,5801.362397,0,0.000000001,-162.750,-156.729
48000,48000,5801.362397,1,0.000000003,-162.754,-156.733
48000,48000,5885.454352,0,-0.000000002,-162.747,-156.726
48000,48000,5885.454352,1,-0.000000004,-162.884,-156.863
48000,48000,5970.765238,0,-0.000000002,-162.738,-156.717
48000,48000,5970.765238,1,-0.000000000,-162.809,-156.788
48000,48000,6057.312722,0,0.000000001,-162.686,-156.665
48000,48000,6057.312722,1,-0.000000001,-162.691,-156.670
48000,48000,6145.114731,0,0.000000001,-162.739,-156.719
48000,48000,6145.114731,1,0.000000001,-162.677,-156.657
48000,48000,6234.189447,0,0.000000002,-162.838,-156.817
48000,48000,6234.189447,1,0.000000001,-162.758,-156.738
48000,48000,6324.555320,0,0.000000003,-162.818,-156.797
48000,48000,6324.555320,1,-0.000000000,-162.697,-156.677
48000,48000,6416.231066,0,-0.000000004,-162.788,-156.767
48000,48000,6416.231066,1,0.000000000,-162.785,-156.765
48000,48000,6509.235670,0,-0.000000003,-162.765,-156.744
48000,48000,6509.235670,1,-0.000000002,-162.745,-156.724
48000,48000,6603.588395,0,-0.000000003,-162.708,-156.688
48000,48000,6603.588395,1,-0.000000001,-162.752,-156.732
48000,48000,6699.308783,0,0.000000000,-162.646,-156.626
48000,48000,6699.308783,1,0.000000002,-162.716,-156.695
48000,48000,6796.416658,0,0.000000003,-162.693,-156.672
48000,48000,6796.416658,1,-0.000000000,-162.803,-156.783
48000,48000,6894.932131,0,-0.000000001,-162.845,-156.825
48000,48000,6894.932131,1,0.000000005,-162.758,-156.737
48000,48000,6994.875607,0,-0.000000002,-162.800,-156.780
48000,48000,6994.875607,1,-0.000000003,-162.820,-156.800
48000,48000,7096.267785,0,-0.000000000,-162.814,-156.793
48000,48000,7096.267785,1,0.000000002,-162.755,-156.734
48000,48000,7199.129663,0,0.000000000,-162.840,-156.819
48000,48000,7199.129663,1,-0.000000001,-162.660,-156.640
48000,48000,7303.482545,0,0.000000003,-162.782,-156.761
48000,48000,7303.482545,1,0.000000004,-162.876,-156.855
48000,48000,7409.348044,0,0.000000001,-162.710,-156.690
48000,48000,7409.348044,1,0.000000002,-162.776,-156.756
48000,48000,7516.748086,0,0.000000003,-162.812,-156.792
48000,48000,7516.748086,1,-0.000000002,-162.778,-156.757
48000,48000,7625.704913,0,-0.000000005,-162.757,-156.737
48000,48000,7625.704913,1,0.000000002,-162.773,-156.752
48000,48000,7736.241093,0,0.000000002,-162.723,-156.702
48000,48000,7736.241093,1,-0.000000001,-162.750,-156.730
48000,48000,7848.379517,0,0.000000007,-162.812,-156.791
48000,48000,7848.379517,1,0.000000004,-162.769,-156.748
48000,48000,7962.143411,0,-0.000000002,-162.709,-156.689
48000,48000,7962.143411,1,0.000000000,-162.793,-156.773
48000,48000,8077.556336,0,0.000000001,-162.866,-156.845
48000,48000,8077.556336,1,0.000000003,-162.695,-156.674
48000,48000,8194.642196,0,-0.000000003,-162.829,-156.809
48000,48000,8194.642196,1,0.000000002,-162.796,-156.776
48000,48000,8313.425240,0,0.000000000,-162.755,-156.735
48000,48000,8313.425240,1,-0.000000001,-162.697,-156.677
48000,48000,8433.930069,0,0.000000000,-162.872,-156.852
48000,48000,8433.930069,1,0.000000002,-162.803,-156.782
48000,48000,8556.181640,0,0.000000002,-162.737,-156.717
48000,48000,8556.181640,1,-0.000000002,-162.814,-156.794
48000,48000,8680.205273,0,-0.000000001,-162.788,-156.767
48000,48000,8680.205273,1,0.000000001,-162.736,-156.715
48000,48000,8806.026654,0,0.000000002,-162.750,-156.729
48000,48000,8806.026654,1,-0.000000001,-162.741,-156.720
48000,48000,8933.671843,0,0.000000001,-162.800,-156.779
48000,48000,8933.671843,1,0.000000003,-162.748,-156.727
48000,48000,9063.167275,0,-0.000000001,-162.876,-156.856
48000,48000,9063.167275,1,-0.000000003,-162.725,-156.704
48000,48000,9194.539771,0,-0.000000002,-162.796,-156.776
48000,48000,9194.539771,1,0.000000001,-162.787,-156.767
48000,48000,9327.816538,0,0.000000002,-162.709,-156.688
48000,48000,9327.816538,1,0.000000002,-162.799,-156.778
48000,48000,9463.025179,0,-0.000000000,-162.725,-156.705
48000,48000,9463.025179,1,-0.000000001,-162.771,-156.751
48000,48000,9600.193698,0,0.000000003,-162.893,-156.872
48000,48000,9600.193698,1,0.000000001,-162.815,-156.794
48000,48000,9739.350503,0,-0.000000001,-162.729,-156.708
48000,48000,9739.350503,1,0.000000001,-162.722,-156.702
48000,48000,9880.524415,0,0.000000003,-162.792,-156.772
48000,48000,9880.524415,1,0.000000004,-162.771,-156.750
48000,48000,10023.744673,0,0.000000001,-162.731,-156.711
48000,48000,10023.744673,1,0.000000003,-162.790,-156.770
48000,48000,10169.040937,0,0.000000002,-162.812,-156.791
48000,48000,10169.040937,1,0.000000005,-162.758,-156.738
48000,48000,10316.443301,0,0.000000001,-162.616,-156.595
48000,48000,10316.443301,1,0.000000001,-162.763,-156.742
48000,48000,10465.982294,0,0.000000001,-162.702,-156.682
48000,48000,10465.982294,1,0.000000004,-162.737,-156.717
48000,48000,10617.688885,0,-0.000000001,-162.722,-156.701
48000,48000,10617.688885,1,-0.000000000,-162.761,-156.740
48000,48000,10771.594494,0,0.000000002,-162.771,-156.751
48000,48000,10771.594494,1,-0.000000003,-162.818,-156.797
48000,48000,10927.730998,0,-0.000000002,-162.749,-156.728
48000,48000,10927.730998,1,-0.000000001,-162.805,-156.785
48000,48000,11086.130732,0,-0.000000003,-162.761,-156.741
48000,48000,11086.130732,1,0.000000001,-162.718,-156.697
48000,48000,11246.826504,0,-0.000000002,-162.782,-156.761
48000,48000,11246.826504,1,-0.000000001,-162.855,-156.834
48000,48000,11409.851594,0,-0.000000001,-162.744,-156.723
48000,48000,11409.851594,1,-0.000000002,-162.757,-156.736
48000,48000,11575.239767,0,-0.000000000,-162.817,-156.797
48000,48000,11575.239767,1,0.000000002,-162.841,-156.820
48000,48000,11743.025276,0,-0.000000000,-162.847,-156.827
48000,48000,11743.025276,1,-0.000000002,-162.751,-156.730
48000,48000,11913.242871,0,0.000000001,-162.727,-156.707
48000,48000,11913.242871,1,0.000000001,-162.765,-156.744
48000,48000,12085.927805,0,-0.000000003,-162.801,-156.781
48000,48000,12085.927805,1,-0.000000001,-162.720,-156.700
48000,48000,12261.115843,0,-0.000000001,-162.795,-156.775
48000,48000,12261.115843,1,-0.000000000,-162.721,-156.700
48000,48000,12438.843268,0,-0.000000000,-162.687,-156.666
48000,48000,12438.843268,1,0.000000002,-162.821,-156.800
48000,48000,12619.146890,0,-0.000000004,-162.749,-156.729
48000,48000,12619.146890,1,0.000000002,-162.853,-156.833
48000,48000,12802.064049,0,-0.000000000,-162.706,-156.686
48000,48000,12802.064049,1,0.000000005,-162.864,-156.843
48000,48000,12987.632632,0,0.000000001,-162.763,-156.742
48000,48000,12987.632632,1,-0.000000002,-162.793,-156.772
48000,48000,13175.891069,0,-0.000000004,-162.738,-156.717
48000,48000,13175.891069,1,-0.000000002,-162.726,-156.706
48000,48000,13366.878351,0,0.000000001,-162.795,-156.775
48000,48000,13366.878351,1,0.000000000,-162.806,-156.785
48000,48000,13560.634034,0,0.000000000,-162.830,-156.809
48000,48000,13560.634034,1,0.000000001,-162.788,-156.767
48000,48000,13757.198246,0,-0.000000000,-162.712,-156.692
48000,48000,13757.198246,1,-0.000000004,-162.772,-156.751
48000,48000,13956.611697,0,-0.000000002,-162.797,-156.776
48000,48000,13956.611697,1,-0.000000000,-162.752,-156.731
48000,48000,14158.915688,0,0.000000003,-162.787,-156.766
48000,48000,14158.915688,1,-0.000000002,-162.775,-156.755
48000,48000,14364.152117,0,0.000000001,-162.809,-156.788
48000,48000,14364.152117,1,0.000000002,-162.726,-156.705
48000,48000,14572.363490,0,0.000000002,-162.729,-156.708
48000,48000,14572.363490,1,-0.000000002,-162.759,-156.738
48000,48000,14783.592931,0,0.000000006,-162.696,-156.675
48000,48000,14783.592931,1,0.000000000,-162.764,-156.743
48000,48000,14997.884187,0,-0.000000001,-162.724,-156.704
48000,48000,14997.884187,1,-0.000000001,-162.662,-156.642
48000,48000,15215.281639,0,-0.000000001,-162.821,-156.801
48000,48000,15215.281639,1,0.000000001,-162.805,-156.785
48000,48000,15435.830312,0,0.000000004,-162.745,-156.724
48000,48000,15435.830312,1,0.000000001,-162.775,-156.754
48000,48000,15659.575884,0,0.000000004,-162.736,-156.715
48000,48000,15659.575884,1,0.000000003,-162.752,-156.732
48000,48000,15886.564694,0,-0.000000002,-162.781,-156.761
48000,48000,15886.564694,1,-0.000000003,-162.771,-156.751
48000,48000,16116.843755,0,0.000000004,-162.629,-156.608
48000,48000,16116.843755,1,0.000000001,-162.749,-156.728
48000,48000,16350.460759,0,-0.000000001,-162.761,-156.741
48000,48000,16350.460759,1,0.000000001,-162.727,-156.706
48000,48000,16587.464090,0,0.000000000,-162.833,-156.813
48000,48000,16587.464090,1,-0.000000003,-162.755,-156.734
48000,48000,16827.902833,0,0.000000002,-162.767,-156.746
48000,48000,16827.902833,1,-0.000000003,-162.736,-156.716
48000,48000,17071.826786,0,-0.000000001,-162.736,-156.716
48000,48000,17071.826786,1,-0.000000000,-162.710,-156.689
48000,48000,17319.286467,0,0.000000002,-162.714,-156.694
48000,48000,17319.286467,1,0.000000000,-162.759,-156.738
48000,48000,17570.333128,0,0.000000003,-162.718,-156.697
48000,48000,17570.333128,1,0.000000000,-162.780,-156.760
48000,48000,17825.018763,0,0.000000000,-162.752,-156.731
48000,48000,17825.018763,1,0.000000000,-162.771,-156.750
48000,48000,18083.396118,0,-0.000000003,-162.771,-156.750
48000,48000,18083.396118,1,-0.000000001,-162.811,-156.790
48000,48000,18345.518708,0,0.000000001,-162.779,-156.759
48000,48000,18345.518708,1,0.000000002,-162.775,-156.754
48000,48000,18611.440819,0,0.000000001,-162.684,-156.664
48000,48000,18611.440819,1,0.000000001,-162.762,-156.741
48000,48000,18881.217526,0,0.000000000,-162.785,-156.764
48000,48000,18881.217526,1,0.000000001,-162.769,-156.749
48000,48000,19154.904702,0,-0.000000000,-162.799,-156.779
48000,48000,19154.904702,1,0.000000004,-162.789,-156.768
48000,48000,19432.559032,0,0.000000002,-162.826,-156.805
48000,48000,19432.559032,1,0.000000001,-162.808,-156.788
48000,48000,19714.238018,0,-0.000000001,-162.745,-156.725
48000,48000,19714.238018,1,0.000000002,-162.827,-156.807
48000,48000,20000.000000,0,-0.000000078,-169.971,-163.950
48000,48000,20000.000000,1,-0.000000078,-169.971,-163.950
96000,48000,20.000000,0,0.000000756,-142.171,-136.150
96000,48000,20.000000,1,0.000000768,-142.293,-136.272
96000,48000,20.289904,0,0.000000788,-142.769,-136.748
96000,48000,20.289904,1,0.000000796,-142.555,-136.534
96000,48000,20.584011,0,0.000000778,-142.799,-136.779
96000,48000,20.584011,1,0.000000789,-142.594,-136.573
96000,48000,20.882380,0,0.000000780,-142.790,-136.770
96000,48000,20.882380,1,0.000000788,-142.634,-136.614
96000,48000,21.185075,0,0.000000805,-142.681,-136.660
96000,48000,21.185075,1,0.000000766,-142.625,-136.604
96000,48000,21.492157,0,0.000000768,-142.514,-136.494
96000,48000,21.492157,1,0.000000817,-142.486,-136.465
96000,48000,21.803690,0,0.000000791,-142.630,-136.610
96000,48000,21.803690,1,0.000000802,-142.575,-136.554
96000,48000,22.119739,0,0.000000736,-142.566,-136.545
96000,48000,22.119739,1,0.000000819,-142.563,-136.543
96000,48000,22.440369,0,0.000000836,-142.766,-136.746
96000,48000,22.440369,1,0.000000772,-142.611,-136.591
96000,48000,22.765647,0,0.000000813,-142.836,-136.816
96000,48000,22.765647,1,0.000000732,-142.642,-136.622
96000,48000,23.095640,0,0.000000787,-142.718,-136.697
96000,48000,23.095640,1,0.000000801,-142.643,-136.623
96000,48000,23.430416,0,0.000000791,-142.601,-136.581
96000,48000,23.430416,1,0.000000755,-142.715,-136.694
96000,48000,23.770045,0,0.000000748,-142.652,-136.631
96000,48000,23.770045,1,0.000000787,-142.714,-136.693
96000,48000,24.114596,0,0.000000758,-142.615,-136.594
96000,48000,24.114596,1,0.000000800,-142.575,-136.554
96000,48000,24.464142,0,0.000000787,-142.725,-136.704
96000,48000,24.464142,1,0.000000793,-142.544,-136.524
96000,48000,24.818755,0,0.000000787,-142.624,-136.603
96000,48000,24.818755,1,0.000000803,-142.781,-136.760
96000,48000,25.178508,0,0.000000803,-142.574,-136.553
96000,48000,25.178508,1,0.000000816,-142.840,-136.819
96000,48000,25.543476,0,0.000000762,-142.438,-136.417
96000,48000,25.543476,1,0.000000797,-142.761,-136.740
96000,48000,25.913734,0,0.000000801,-142.634,-136.613
96000,48000,25.913734,1,0.000000798,-142.841,-136.821
96000,48000,26.289359,0,0.000000766,-142.628,-136.607
96000,48000,26.289359,1,0.000000764,-142.723,-136.703
96000,48000,26.670429,0,0.000000766,-142.535,-136.515
96000,48000,26.670429,1,0.000000774,-142.724,-136.703
96000,48000,27.057022,0,0.000000771,-142.733,-136.712
96000,48000,27.057022,1,0.000000781,-142.667,-136.647
96000,48000,27.449219,0,0.000000756,-142.685,-136.664
96000,48000,27.449219,1,0.000000797,-142.648,-136.627
96000,48000,27.847101,0,0.000000808,-142.668,-136.648
96000,48000,27.847101,1,0.000000795,-142.683,-136.662
96000,48000,28.250751,0,0.000000761,-142.727,-136.707
96000,48000,28.250751,1,0.000000795,-142.582,-136.561
96000,48000,28.660251,0,0.000000739,-142.673,-136.653
96000,48000,28.660251,1,0.000000749,-142.588,-136.567
96000,48000,29.075688,0,0.000000743,-142.589,-136.569
96000,48000,29.075688,1,0.000000734,-142.616,-136.595
96000,48000,29.497146,0,0.000000765,-142.649,-136.628
96000,48000,29.497146,1,0.000000742,-142.579,-136.559
96000,48000,29.924713,0,0.000000788,-142.719,-136.698
96000,48000,29.924713,1,0.000000795,-142.651,-136.631
96000,48000,30.358478,0,0.000000772,-142.660,-136.640
96000,48000,30.358478,1,0.000000740,-142.585,-136.565
96000,48000,30.798531,0,0.000000792,-142.667,-136.646
96000,48000,30.798531,1,0.000000728,-142.557,-136.537
96000,48000,31.244962,0,0.000000741,-142.699,-136.678
96000,48000,31.244962,1,0.000000747,-142.572,-136.551
96000,48000,31.697864,0,0.000000743,-142.856,-136.835
96000,48000,31.697864,1,0.000000757,-142.649,-136.628
96000,48000,32.157331,0,0.000000751,-142.662,-136.642
96000,48000,32.157331,1,0.000000760,-142.644,-136.624
96000,48000,32.623458,0,0.000000729,-142.598,-136.577
96000,48000,32.623458,1,0.000000709,-142.667,-136.647
96000,48000,33.096342,0,0.000000744,-142.640,-136.619
96000,48000,33.096342,1,0.000000773,-142.636,-136.615
96000,48000,33.576080,0,0.000000752,-142.642,-136.621
96000,48000,33.576080,1,0.000000743,-142.803,-136.782
96000,48000,34.062773,0,0.000000784,-142.608,-136.587
96000,48000,34.062773,1,0.000000769,-142.820,-136.799
96000,48000,34.556520,0,0.000000748,-142.663,-136.642
96000,48000,34.556520,1,0.000000737,-142.665,-136.645
96000,48000,35.057424,0,0.000000762,-142.621,-136.600
96000,48000,35.057424,1,0.000000760,-142.734,-136.713
96000,48000,35.565588,0,0.000000687,-142.638,-136.618
96000,48000,35.565588,1,0.000000716,-142.810,-136.790
96000,48000,36.081119,0,0.000000729,-142.577,-136.557
96000,48000,36.081119,1,0.000000777,-142.728,-136.707
96000,48000,36.604122,0,0.000000749,-142.591,-136.571
96000,48000,36.604122,1,0.000000758,-142.559,-136.539
96000,48000,37.134706,0,0.000000774,-142.586,-136.565
96000,48000,37.134706,1,0.000000757,-142.673,-136.653
96000,48000,37.672982,0,0.000000766,-142.733,-136.713
96000,48000,37.672982,1,0.000000734,-142.672,-136.652
96000,48000,38.219059,0,0.000000772,-142.705,-136.684
96000,48000,38.219059,1,0.000000774,-142.530,-136.510
96000,48000,38.773053,0,0.000000744,-142.669,-136.649
96000,48000,38.773053,1,0.000000708,-142.540,-136.520
96000,48000,39.335076,0,0.000000743,-142.626,-136.606
96000,48000,39.335076,1,0.000000728,-142.686,-136.666
96000,48000,39.905246,0,0.000000734,-142.564,-136.544
96000,48000,39.905246,1,0.000000742,-142.587,-136.566
96000,48000,40.483681,0,0.000000737,-142.765,-136.744
96000,48000,40.483681,1,0.000000748,-142.572,-136.552
96000,48000,41.070501,0,0.000000757,-142.758,-136.737
96000,48000,41.070501,1,0.000000730,-142.722,-136.701
96000,48000,41.665826,0,0.000000779,-142.685,-136.665
96000,48000,41.665826,1,0.000000738,-142.770,-136.749
96000,48000,42.269781,0,0.000000713,-142.641,-136.620
96000,48000,42.269781,1,0.000000733,-142.785,-136.764
96000,48000,42.882490,0,0.000000687,-142.573,-136.552
96000,48000,42.882490,1,0.000000725,-142.741,-136.720
96000,48000,43.504081,0,0.000000726,-142.600,-136.579
96000,48000,43.504081,1,0.000000713,-142.606,-136.585
96000,48000,44.134681,0,0.000000713,-142.605,-136.585
96000,48000,44.134681,1,0.000000743,-142.679,-136.658
96000,48000,44.774423,0,0.000000761,-142.663,-136.642
96000,48000,44.774423,1,0.000000765,-142.679,-136.658
96000,48000,45.423437,0,0.000000732,-142.666,-136.645
96000,48000,45.423437,1,0.000000733,-142.630,-136.610
96000,48000,46.081860,0,0.000000727,-142.636,-136.615
96000,48000,46.081860,1,0.000000727,-142.764,-136.743
96000,48000,46.749826,0,0.000000707,-142.821,-136.800
96000,48000,46.749826,1,0.000000734,-142.541,-136.520
96000,48000,47.427474,0,0.000000719,-142.854,-136.833
96000,48000,47.427474,1,0.000000731,-142.830,-136.809
96000,48000,48.114945,0,0.000000709,-142.548,-136.528
96000,48000,48.114945,1,0.000000697,-142.560,-136.540
96000,48000,48.812381,0,0.000000740,-142.652,-136.631
96000,48000,48.812381,1,0.000000694,-142.529,-136.508
96000,48000,49.519927,0,0.000000720,-142.754,-136.734
96000,48000,49.519927,1,0.000000729,-142.779,-136.759
96000,48000,50.237729,0,0.000000726,-142.556,-136.536
96000,48000,50.237729,1,0.000000707,-142.675,-136.654
96000,48000,50.965935,0,0.000000707,-142.671,-136.651
96000,48000,50.965935,1,0.000000733,-142.663,-136.643
96000,48000,51.704697,0,0.000000745,-142.627,-136.607
96000,48000,51.704697,1,0.000000731,-142.674,-136.653
96000,48000,52.454167,0,0.000000746,-142.843,-136.823
96000,48000,52.454167,1,0.000000718,-142.676,-136.655
96000,48000,53.214501,0,0.000000761,-142.682,-136.662
96000,48000,53.214501,1,0.000000657,-142.617,-136.596
96000,48000,53.985856,0,0.000000702,-142.697,-136.676
96000,48000,53.985856,1,0.000000665,-142.627,-136.607
96000,48000,54.768393,0,0.000000737,-142.744,-136.723
96000,48000,54.768393,1,0.000000722,-142.655,-136.634
96000,48000,55.562272,0,0.000000707,-142.670,-136.649
96000,48000,55.562272,1,0.000000711,-142.631,-136.611
96000,48000,56.367659,0,0.000000700,-142.703,-136.683
96000,48000,56.367659,1,0.000000705,-142.698,-136.678
96000,48000,57.184720,0,0.000000716,-142.757,-136.736
96000,48000,57.184720,1,0.000000714,-142.664,-136.643
96000,48000,58.013624,0,0.000000732,-142.690,-136.670
96000,48000,58.013624,1,0.000000686,-142.646,-136.625
96000,48000,58.854544,0,0.000000682,-142.668,-136.648
96000,48000,58.854544,1,0.000000661,-142.678,-136.657
96000,48000,59.707652,0,0.000000711,-142.620,-136.599
96000,48000,59.707652,1,0.000000696,-142.737,-136.716
96000,48000,60.573127,0,0.000000722,-142.659,-136.639
96000,48000,60.573127,1,0.000000704,-142.620,-136.600
96000,48000,61.451147,0,0.000000681,-142.655,-136.635
96000,48000,61.451147,1,0.000000692,-142.825,-136.804
96000,48000,62.341894,0,0.000000686,-142.811,-136.791
96000,48000,62.341894,1,0.000000794,-142.627,-136.607
96000,48000,63.245553,0,0.000000698,-142.762,-136.742
96000,48000,63.245553,1,0.000000702,-142.777,-136.756
96000,48000,64.162311,0,0.000000693,-142.781,-136.761
96000,48000,64.162311,1,0.000000701,-142.698,-136.677
96000,48000,65.092357,0,0.000000695,-142.591,-136.570
96000,48000,65.092357,1,0.000000683,-142.688,-136.667
96000,48000,66.035884,0,0.000000703,-142.494,-136.473
96000,48000,66.035884,1,0.000000668,-142.685,-136.665
96000,48000,66.993088,0,0.000000699,-142.676,-136.655
96000,48000,66.993088,1,0.000000689,-142.585,-136.564
96000,48000,67.964167,0,0.000000676,-142.603,-136.582
96000,48000,67.964167,1,0.000000690,-142.619,-136.598
96000,48000,68.949321,0,0.000000703,-142.690,-136.669
96000,48000,68.949321,1,0.000000714,-142.772,-136.752
96000,48000,69.948756,0,0.000000723,-142.608,-136.587
96000,48000,69.948756,1,0.000000670,-142.607,-136.587
96000,48000,70.962678,0,0.000000667,-142.831,-136.811
96000,48000,70.962678,1,0.000000685,-142.635,-136.614
96000,48000,71.991297,0,0.000000673,-142.760,-136.740
96000,48000,71.991297,1,0.000000671,-142.551,-136.531
96000,48000,73.034825,0,0.000000680,-142.720,-136.699
96000,48000,73.034825,1,0.000000640,-142.819,-136.798
96000,48000,74.093480,0,0.000000709,-142.642,-136.621
96000,48000,74.093480,1,0.000000698,-142.698,-136.677
96000,48000,75.167481,0,0.000000679,-142.597,-136.577
96000,48000,75.167481,1,0.000000683,-142.639,-136.619
96000,48000,76.257049,0,0.000000695,-142.547,-136.526
96000,48000,76.257049,1,0.000000654,-142.547,-136.526
96000,48000,77.362411,0,0.000000681,-142.553,-136.532
96000,48000,77.362411,1,0.000000638,-142.515,-136.495
96000,48000,78.483795,0,0.000000625,-142.674,-136.653
96000,48000,78.483795,1,0.000000674,-142.486,-136.465
96000,48000,79.621434,0,0.000000644,-142.622,-136.601
96000,48000,79.621434,1,0.000000654,-142.525,-136.504
96000,48000,80.775563,0,0.000000657,-142.555,-136.535
96000,48000,80.775563,1,0.000000657,-142.601,-136.581
96000,48000,81.946422,0,0.000000659,-142.698,-136.677
96000,48000,81.946422,1,0.000000687,-142.641,-136.620
96000,48000,83.134252,0,0.000000647,-142.650,-136.629
96000,48000,83.134252,1,0.000000648,-142.554,-136.533
96000,48000,84.339301,0,0.000000630,-142.707,-136.687
96000,48000,84.339301,1,0.000000677,-142.634,-136.613
96000,48000,85.561816,0,0.000000657,-142.630,-136.609
96000,48000,85.561816,1,0.000000672,-142.616,-136.595
96000,48000,86.802053,0,0.000000620,-142.558,-136.538
96000,48000,86.802053,1,0.000000669,-142.576,-136.555
96000,48000,88.060267,0,0.000000665,-142.554,-136.533
96000,48000,88.060267,1,0.000000665,-142.580,-136.559
96000,48000,89.336718,0,0.000000618,-142.632,-136.612
96000,48000,89.336718,1,0.000000668,-142.757,-136.736
96000,48000,90.631673,0,0.000000621,-142.533,-136.512
96000,48000,90.631673,1,0.000000609,-142.749,-136.728
96000,48000,91.945398,0,0.000000625,-142.667,-136.646
96000,48000,91.945398,1,0.000000607,-142.580,-136.560
96000,48000,93.278165,0,0.000000629,-142.734,-136.713
96000,48000,93.278165,1,0.000000607,-142.484,-136.463
96000,48000,94.630252,0,0.000000629,-142.703,-136.682
96000,48000,94.630252,1,0.000000615,-142.605,-136.584
96000,48000,96.001937,0,0.000000621,-142.723,-136.702
96000,48000,96.001937,1,0.000000609,-142.639,-136.618
96000,48000,97.393505,0,0.000000593,-142.627,-136.606
96000,48000,97.393505,1,0.000000639,-142.556,-136.535
96000,48000,98.805244,0,0.000000624,-142.567,-136.546
96000,48000,98.805244,1,0.000000643,-142.577,-136.556
96000,48000,100.237447,0,0.000000641,-142.541,-136.521
96000,48000,100.237447,1,0.000000645,-142.714,-136.693
96000,48000,101.690409,0,0.000000615,-142.627,-136.607
96000,48000,101.690409,1,0.000000633,-142.551,-136.531
96000,48000,103.164433,0,0.000000597,-142.547,-136.526
96000,48000,103.164433,1,0.000000628,-142.615,-136.595
96000,48000,104.659823,0,0.000000635,-142.533,-136.512
96000,48000,104.659823,1,0.000000612,-142.512,-136.491
96000,48000,106.176889,0,0.000000653,-142.540,-136.519
96000,48000,106.176889,1,0.000000599,-142.624,-136.603
96000,48000,107.715945,0,0.000000591,-142.550,-136.529
96000,48000,107.715945,1,0.000000564,-142.619,-136.598
96000,48000,109.277310,0,0.000000572,-142.487,-136.466
96000,48000,109.277310,1,0.000000652,-142.544,-136.523
96000,48000,110.861307,0,0.000000636,-142.683,-136.662
96000,48000,110.861307,1,0.000000580,-142.526,-136.505
96000,48000,112.468265,0,0.000000584,-142.534,-136.514
96000,48000,112.468265,1,0.000000556,-142.617,-136.596
96000,48000,114.098516,0,0.000000603,-142.586,-136.566
96000,48000,114.098516,1,0.000000620,-142.546,-136.526
96000,48000,115.752398,0,0.000000545,-142.519,-136.498
96000,48000,115.752398,1,0.000000524,-142.542,-136.521
96000,48000,117.430253,0,0.000000551,-142.533,-136.513
96000,48000,117.430253,1,0.000000541,-142.625,-136.604
96000,48000,119.132429,0,0.000000562,-142.649,-136.628
96000,48000,119.132429,1,0.000000549,-142.464,-136.443
96000,48000,120.859278,0,0.000000550,-142.599,-136.578
96000,48000,120.859278,1,0.000000532,-142.578,-136.558
96000,48000,122.611158,0,0.000000528,-142.620,-136.600
96000,48000,122.611158,1,0.000000519,-142.635,-136.614
96000,48000,124.388433,0,0.000000538,-142.684,-136.663
96000,48000,124.388433,1,0.000000516,-142.443,-136.422
96000,48000,126.191469,0,0.000000557,-142.511,-136.490
96000,48000,126.191469,1,0.000000479,-142.355,-136.334
96000,48000,128.020640,0,0.000000485,-142.626,-136.606
96000,48000,128.020640,1,0.000000504,-142.545,-136.524
96000,48000,129.876326,0,0.000000509,-142.492,-136.471
96000,48000,129.876326,1,0.000000535,-142.501,-136.481
96000,48000,131.758911,0,0.000000522,-142.638,-136.617
96000,48000,131.758911,1,0.000000522,-142.688,-136.667
96000,48000,133.668784,0,0.000000500,-142.573,-136.552
96000,48000,133.668784,1,0.000000518,-142.686,-136.665
96000,48000,135.606340,0,0.000000541,-142.686,-136.665
96000,48000,135.606340,1,0.000000481,-142.547,-136.526
96000,48000,137.571982,0,0.000000454,-142.547,-136.526
96000,48000,137.571982,1,0.000000463,-142.821,-136.801
96000,48000,139.566117,0,0.000000487,-142.605,-136.585
96000,48000,139.566117,1,0.000000490,-142.629,-136.608
96000,48000,141.589157,0,0.000000433,-142.688,-136.667
96000,48000,141.589157,1,0.000000468,-142.718,-136.697
96000,48000,143.641521,0,0.000000451,-142.605,-136.584
96000,48000,143.641521,1,0.000000465,-142.567,-136.546
96000,48000,145.723635,0,0.000000455,-142.664,-136.644
96000,48000,145.723635,1,0.000000487,-142.772,-136.751
96000,48000,147.835929,0,0.000000472,-142.739,-136.718
96000,48000,147.835929,1,0.000000481,-142.664,-136.644
96000,48000,149.978842,0,0.000000440,-142.744,-136.723
96000,48000,149.978842,1,0.000000421,-142.690,-136.669
96000,48000,152.152816,0,0.000000453,-142.766,-136.745
96000,48000,152.152816,1,0.000000466,-142.684,-136.663
96000,48000,154.358303,0,0.000000450,-142.737,-136.717
96000,48000,154.358303,1,0.000000426,-142.648,-136.627
96000,48000,156.595759,0,0.000000448,-142.504,-136.484
96000,48000,156.595759,1,0.000000401,-142.504,-136.483
96000,48000,158.865647,0,0.000000422,-142.595,-136.574
96000,48000,158.865647,1,0.000000404,-142.500,-136.480
96000,48000,161.168438,0,0.000000388,-142.748,-136.727
96000,48000,161.168438,1,0.000000390,-142.672,-136.651
96000,48000,163.504608,0,0.000000360,-142.593,-136.572
96000,48000,163.504608,1,0.000000394,-142.629,-136.608
96000,48000,165.874641,0,0.000000363,-142.629,-136.609
96000,48000,165.874641,1,0.000000368,-142.652,-136.631
96000,48000,168.279028,0,0.000000358,-142.558,-136.538
96000,48000,168.279028,1,0.000000362,-142.650,-136.629
96000,48000,170.718268,0,0.000000368,-142.677,-136.656
96000,48000,170.718268,1,0.000000312,-142.783,-136.763
96000,48000,173.192865,0,0.000000352,-142.660,-136.640
96000,48000,173.192865,1,0.000000359,-142.606,-136.585
96000,48000,175.703331,0,0.000000284,-142.632,-136.611
96000,48000,175.703331,1,0.000000357,-142.537,-136.516
96000,48000,178.250188,0,0.000000360,-142.720,-136.699
96000,48000,178.250188,1,0.000000309,-142.726,-136.705
96000,48000,180.833961,0,0.000000318,-142.646,-136.626
96000,48000,180.833961,1,0.000000247,-142.578,-136.557
96000,48000,183.455187,0,0.000000306,-142.719,-136.698
96000,48000,183.455187,1,0.000000280,-142.635,-136.614
96000,48000,186.114408,0,0.000000297,-142.676,-136.656
96000,48000,186.114408,1,0.000000307,-142.722,-136.702
96000,48000,188.812175,0,0.000000229,-142.717,-136.697
96000,48000,188.812175,1,0.000000277,-142.746,-136.726
96000,48000,191.549047,0,0.000000240,-142.626,-136.605
96000,48000,191.549047,1,0.000000232,-142.698,-136.678
96000,48000,194.325590,0,0.000000216,-142.634,-136.613
96000,48000,194.325590,1,0.000000189,-142.692,-136.671
96000,48000,197.142380,0,0.000000227,-142.672,-136.652
96000,48000,197.142380,1,0.000000205,-142.609,-136.588
96000,48000,200.000000,0,0.000000229,-143.720,-137.699
96000,48000,200.000000,1,0.000000229,-143.720,-137.699
96000,48000,202.899042,0,0.000000241,-142.652,-136.631
96000,48000,202.899042,1,0.000000191,-142.703,-136.683
96000,48000,205.840105,0,0.000000163,-142.666,-136.646
96000,48000,205.840105,1,0.000000136,-142.612,-136.592
96000,48000,208.823801,0,0.000000121,-142.776,-136.755
96000,48000,208.823801,1,0.000000134,-142.627,-136.606
96000,48000,211.850745,0,0.000000107,-142.572,-136.551
96000,48000,211.850745,1,0.000000120,-142.717,-136.697
96000,48000,214.921566,0,0.000000096,-142.602,-136.581
96000,48000,214.921566,1,0.000000049,-142.716,-136.696
96000,48000,218.036898,0,0.000000079,-142.600,-136.580
96000,48000,218.036898,1,0.000000069,-142.676,-136.655
96000,48000,221.197389,0,0.000000042,-142.836,-136.815
96000,48000,221.197389,1,0.000000126,-142.658,-136.637
96000,48000,224.403691,0,0.000000013,-142.673,-136.653
96000,48000,224.403691,1,0.000000044,-142.712,-136.691
96000,48000,227.656469,0,0.000000014,-142.636,-136.615
96000,48000,227.656469,1,0.000000023,-142.733,-136.713
96000,48000,230.956397,0,0.000000015,-142.761,-136.740
96000,48000,230.956397,1,-0.000000057,-142.685,-136.665
96000,48000,234.304158,0,-0.000000035,-142.717,-136.697
96000,48000,234.304158,1,-0.000000053,-142.660,-136.639
96000,48000,237.700445,0,-0.000000084,-142.632,-136.611
96000,48000,237.700445,1,-0.000000068,-142.639,-136.618
96000,48000,241.145963,0,-0.000000078,-142.643,-136.622
96000,48000,241.145963,1,-0.000000109,-142.617,-136.597
96000,48000,244.641424,0,-0.000000119,-142.657,-136.637
96000,48000,244.641424,1,-0.000000126,-142.644,-136.624
96000,48000,248.187552,0,-0.000000165,-142.691,-136.671
96000,48000,248.187552,1,-0.000000164,-142.654,-136.634
96000,48000,251.785082,0,-0.000000162,-142.739,-136.718
96000,48000,251.785082,1,-0.000000161,-142.811,-136.790
96000,48000,255.434760,0,-0.000000199,-142.761,-136.740
96000,48000,255.434760,1,-0.000000195,-142.752,-136.731
96000,48000,259.137340,0,-0.000000231,-142.576,-136.555
96000,48000,259.137340,1,-0.000000267,-142.687,-136.667
96000,48000,262.893589,0,-0.000000233,-142.662,-136.642
96000,48000,262.893589,1,-0.000000239,-142.710,-136.690
96000,48000,266.704286,0,-0.000000262,-142.690,-136.670
96000,48000,266.704286,1,-0.000000233,-142.805,-136.784
96000,48000,270.570221,0,-0.000000280,-142.513,-136.492
96000,48000,270.570221,1,-0.000000300,-142.810,-136.790
96000,48000,274.492192,0,-0.000000306,-142.667,-136.646
96000,48000,274.492192,1,-0.000000347,-142.796,-136.775
96000,48000,278.471014,0,-0.000000337,-142.663,-136.642
96000,48000,278.471014,1,-0.000000350,-142.809,-136.788
96000,48000,282.507509,0,-0.000000378,-142.637,-136.616
96000,48000,282.507509,1,-0.000000395,-142.782,-136.761
96000,48000,286.602514,0,-0.000000385,-142.619,-136.598
96000,48000,286.602514,1,-0.000000389,-142.718,-136.697
96000,48000,290.756877,0,-0.000000440,-142.608,-136.587
96000,48000,290.756877,1,-0.000000467,-142.732,-136.711
96000,48000,294.971459,0,-0.000000429,-142.736,-136.716
96000,48000,294.971459,1,-0.000000529,-142.883,-136.862
96000,48000,299.247131,0,-0.000000515,-142.555,-136.534
96000,48000,299.247131,1,-0.000000472,-142.666,-136.645
96000,48000,303.584781,0,-0.000000522,-142.709,-136.688
96000,48000,303.584781,1,-0.000000522,-142.679,-136.659
96000,48000,307.985305,0,-0.000000525,-142.743,-136.722
96000,48000,307.985305,1,-0.000000570,-142.633,-136.612
96000,48000,312.449616,0,-0.000000619,-142.648,-136.627
96000,48000,312.449616,1,-0.000000583,-142.666,-136.646
96000,48000,316.978638,0,-0.000000672,-142.849,-136.828
96000,48000,316.978638,1,-0.000000628,-142.708,-136.688
96000,48000,321.573310,0,-0.000000614,-142.643,-136.622
96000,48000,321.573310,1,-0.000000661,-142.702,-136.682
96000,48000,326.234582,0,-0.000000641,-142.813,-136.792
96000,48000,326.234582,1,-0.000000699,-142.560,-136.539
96000,48000,330.963420,0,-0.000000700,-142.805,-136.784
96000,48000,330.963420,1,-0.000000673,-142.724,-136.703
96000,48000,335.760804,0,-0.000000697,-142.795,-136.774
96000,48000,335.760804,1,-0.000000697,-142.631,-136.610
96000,48000,340.627726,0,-0.000000725,-142.693,-136.672
96000,48000,340.627726,1,-0.000000743,-142.819,-136.798
96000,48000,345.565196,0,-0.000000761,-142.648,-136.628
96000,48000,345.565196,1,-0.000000783,-142.603,-136.583
96000,48000,350.574236,0,-0.000000825,-142.684,-136.663
96000,48000,350.574236,1,-0.000000802,-142.793,-136.772
96000,48000,355.655882,0,-0.000000789,-142.683,-136.663
96000,48000,355.655882,1,-0.000000809,-142.933,-136.912
96000,48000,360.811188,0,-0.000000786,-142.748,-136.728
96000,48000,360.811188,1,-0.000000867,-142.672,-136.652
96000,48000,366.041221,0,-0.000000839,-142.742,-136.722
96000,48000,366.041221,1,-0.000000815,-142.714,-136.693
96000,48000,371.347065,0,-0.000000871,-142.726,-136.706
96000,48000,371.347065,1,-0.000000891,-142.875,-136.855
96000,48000,376.729818,0,-0.000000868,-142.721,-136.700
96000,48000,376.729818,1,-0.000000860,-142.765,-136.744
96000,48000,382.190595,0,-0.000000895,-142.721,-136.700
96000,48000,382.190595,1,-0.000000883,-142.665,-136.644
96000,48000,387.730527,0,-0.000000897,-142.661,-136.641
96000,48000,387.730527,1,-0.000000885,-142.623,-136.602
96000,48000,393.350762,0,-0.000000911,-142.790,-136.770
96000,48000,393.350762,1,-0.000000907,-142.842,-136.821
96000,48000,399.052463,0,-0.000000918,-142.793,-136.772
96000,48000,399.052463,1,-0.000000928,-142.859,-136.839
96000,48000,404.836811,0,-0.000000984,-142.888,-136.867
96000,48000,404.836811,1,-0.000000937,-142.834,-136.814
96000,48000,410.705005,0,-0.000000988,-142.810,-136.790
96000,48000,410.705005,1,-0.000000983,-142.688,-136.667
96000,48000,416.658260,0,-0.000000983,-142.868,-136.848
96000,48000,416.658260,1,-0.000000991,-142.725,-136.704
96000,48000,422.697808,0,-0.000000974,-142.801,-136.780
96000,48000,422.697808,1,-0.000001008,-142.714,-136.694
96000,48000,428.824901,0,-0.000001027,-142.527,-136.507
96000,48000,428.824901,1,-0.000000992,-142.776,-136.755
96000,48000,435.040807,0,-0.000001051,-142.821,-136.800
96000,48000,435.040807,1,-0.000001045,-142.744,-136.724
96000,48000,441.346814,0,-0.000001054,-142.578,-136.558
96000,48000,441.346814,1,-0.000001024,-142.737,-136.716
96000,48000,447.744228,0,-0.000001078,-142.727,-136.707
96000,48000,447.744228,1,-0.000001097,-142.732,-136.711
96000,48000,454.234373,0,-0.000001058,-142.609,-136.589
96000,48000,454.234373,1,-0.000001075,-142.861,-136.840
96000,48000,460.818595,0,-0.000001065,-142.817,-136.796
96000,48000,460.818595,1,-0.000001082,-142.619,-136.598
96000,48000,467.498257,0,-0.000001099,-142.761,-136.740
96000,48000,467.498257,1,-0.000001097,-142.640,-136.619
96000,48000,474.274741,0,-0.000001075,-142.823,-136.802
96000,48000,474.274741,1,-0.000001105,-142.817,-136.796
96000,48000,481.149452,0,-0.000001095,-142.667,-136.646
96000,48000,481.149452,1,-0.000001128,-142.791,-136.770
96000,48000,488.123814,0,-0.000001144,-142.597,-136.576
96000,48000,488.123814,1,-0.000001157,-142.750,-136.729
96000,48000,495.199270,0,-0.000001144,-142.600,-136.579
96000,48000,495.199270,1,-0.000001106,-142.757,-136.736
96000,48000,502.377286,0,-0.000001158,-142.884,-136.864
96000,48000,502.377286,1,-0.000001133,-142.601,-136.580
96000,48000,509.659350,0,-0.000001138,-142.700,-136.679
96000,48000,509.659350,1,-0.000001130,-142.732,-136.712
96000,48000,517.046968,0,-0.000001100,-142.711,-136.690
96000,48000,517.046968,1,-0.000001110,-142.786,-136.765
96000,48000,524.541671,0,-0.000001077,-142.683,-136.663
96000,48000,524.541671,1,-0.000001092,-142.798,-136.778
96000,48000,532.145012,0,-0.000001106,-142.899,-136.878
96000,48000,532.145012,1,-0.000001109,-142.804,-136.783
96000,48000,539.858565,0,-0.000001106,-142.669,-136.648
96000,48000,539.858565,1,-0.000001080,-142.676,-136.655
96000,48000,547.683927,0,-0.000001137,-142.588,-136.568
96000,48000,547.683927,1,-0.000001125,-142.632,-136.612
96000,48000,555.622719,0,-0.000001062,-142.708,-136.687
96000,48000,555.622719,1,-0.000001057,-142.887,-136.866
96000,48000,563.676586,0,-0.000001098,-142.645,-136.624
96000,48000,563.676586,1,-0.000001044,-142.766,-136.745
96000,48000,571.847196,0,-0.000001032,-142.710,-136.689
96000,48000,571.847196,1,-0.000001010,-142.826,-136.805
96000,48000,580.136240,0,-0.000001042,-142.866,-136.845
96000,48000,580.136240,1,-0.000000993,-142.857,-136.836
96000,48000,588.545435,0,-0.000001017,-142.855,-136.834
96000,48000,588.545435,1,-0.000001039,-142.927,-136.907
96000,48000,597.076524,0,-0.000000986,-142.788,-136.768
96000,48000,597.076524,1,-0.000000975,-142.838,-136.818
96000,48000,605.731272,0,-0.000000983,-142.829,-136.808
96000,48000,605.731272,1,-0.000000966,-142.785,-136.764
96000,48000,614.511473,0,-0.000000939,-142.730,-136.709
96000,48000,614.511473,1,-0.000000919,-142.779,-136.758
96000,48000,623.418945,0,-0.000000871,-142.793,-136.773
96000,48000,623.418945,1,-0.000000916,-142.595,-136.575
96000,48000,632.455532,0,-0.000000930,-142.856,-136.835
96000,48000,632.455532,1,-0.000000845,-142.812,-136.792
96000,48000,641.623107,0,-0.000000841,-142.892,-136.871
96000,48000,641.623107,1,-0.000000843,-142.741,-136.721
96000,48000,650.923567,0,-0.000000779,-142.898,-136.877
96000,48000,650.923567,1,-0.000000816,-142.855,-136.835
96000,48000,660.358840,0,-0.000000751,-142.836,-136.815
96000,48000,660.358840,1,-0.000000788,-142.802,-136.781
96000,48000,669.930878,0,-0.000000738,-142.650,-136.629
96000,48000,669.930878,1,-0.000000753,-142.715,-136.694
96000,48000,679.641666,0,-0.000000674,-142.875,-136.854
96000,48000,679.641666,1,-0.000000692,-142.756,-136.735
96000,48000,689.493213,0,-0.000000618,-142.931,-136.910
96000,48000,689.493213,1,-0.000000639,-142.729,-136.709
96000,48000,699.487561,0,-0.000000599,-142.685,-136.665
96000,48000,699.487561,1,-0.000000572,-142.728,-136.708
96000,48000,709.626778,0,-0.000000542,-142.631,-136.610
96000,48000,709.626778,1,-0.000000550,-142.598,-136.577
96000,48000,719.912966,0,-0.000000443,-142.613,-136.593
96000,48000,719.912966,1,-0.000000459,-142.683,-136.662
96000,48000,730.348255,0,-0.000000387,-142.723,-136.703
96000,48000,730.348255,1,-0.000000369,-142.714,-136.693
96000,48000,740.934804,0,-0.000000294,-142.828,-136.808
96000,48000,740.934804,1,-0.000000308,-142.666,-136.645
96000,48000,751.674809,0,-0.000000214,-142.750,-136.729
96000,48000,751.674809,1,-0.000000249,-142.710,-136.690
96000,48000,762.570491,0,-0.000000162,-142.704,-136.684
96000,48000,762.570491,1,-0.000000180,-142.719,-136.699
96000,48000,773.624109,0,-0.000000142,-142.743,-136.723
96000,48000,773.624109,1,-0.000000112,-142.914,-136.893
96000,48000,784.837952,0,0.000000006,-142.820,-136.799
96000,48000,784.837952,1,-0.000000058,-142.817,-136.796
96000,48000,796.214341,0,0.000000052,-142.712,-136.691
96000,48000,796.214341,1,0.000000067,-142.685,-136.665
96000,48000,807.755634,0,0.000000144,-142.777,-136.756
96000,48000,807.755634,1,0.000000120,-142.676,-136.656
96000,48000,819.464220,0,0.000000245,-142.854,-136.834
96000,48000,819.464220,1,0.000000217,-142.659,-136.638
96000,48000,831.342524,0,0.000000302,-142.669,-136.648
96000,48000,831.342524,1,0.000000325,-142.727,-136.707
96000,48000,843.393007,0,0.000000387,-142.866,-136.845
96000,48000,843.393007,1,0.000000367,-142.804,-136.783
96000,48000,855.618164,0,0.000000462,-142.839,-136.818
96000,48000,855.618164,1,0.000000463,-142.924,-136.903
96000,48000,868.020527,0,0.000000423,-142.816,-136.796
96000,48000,868.020527,1,0.000000456,-142.817,-136.797
96000,48000,880.602665,0,0.000000508,-142.772,-136.752
96000,48000,880.602665,1,0.000000558,-142.799,-136.779
96000,48000,893.367184,0,0.000000596,-142.809,-136.788
96000,48000,893.367184,1,0.000000562,-142.754,-136.733
96000,48000,906.316728,0,0.000000601,-142.843,-136.822
96000,48000,906.316728,1,0.000000624,-142.788,-136.768
96000,48000,919.453977,0,0.000000602,-142.776,-136.755
96000,48000,919.453977,1,0.000000646,-142.756,-136.736
96000,48000,932.781654,0,0.000000664,-142.820,-136.800
96000,48000,932.781654,1,0.000000708,-142.734,-136.713
96000,48000,946.302518,0,0.000000667,-142.726,-136.706
96000,48000,946.302518,1,0.000000663,-142.821,-136.801
96000,48000,960.019370,0,0.000000672,-142.985,-136.964
96000,48000,960.019370,1,0.000000789,-142.746,-136.725
96000,48000,973.935050,0,0.000000724,-142.891,-136.871
96000,48000,973.935050,1,0.000000708,-142.826,-136.806
96000,48000,988.052442,0,0.000000760,-142.860,-136.839
96000,48000,988.052442,1,0.000000739,-142.800,-136.779
96000,48000,1002.374467,0,0.000000754,-142.811,-136.791
96000,48000,1002.374467,1,0.000000760,-142.851,-136.830
96000,48000,1016.904094,0,0.000000759,-142.699,-136.679
96000,48000,1016.904094,1,0.000000782,-142.724,-136.703
96000,48000,1031.644330,0,0.000000709,-142.797,-136.776
96000,48000,1031.644330,1,0.000000753,-142.904,-136.884
96000,48000,1046.598229,0,0.000000745,-142.895,-136.875
96000,48000,1046.598229,1,0.000000734,-142.646,-136.625
96000,48000,1061.768888,0,0.000000725,-142.740,-136.719
96000,48000,1061.768888,1,0.000000752,-142.787,-136.766
96000,48000,1077.159449,0,0.000000687,-142.737,-136.717
96000,48000,1077.159449,1,0.000000695,-142.838,-136.818
96000,48000,1092.773100,0,0.000000668,-142.954,-136.933
96000,48000,1092.773100,1,0.000000668,-142.737,-136.716
96000,48000,1108.613073,0,0.000000616,-142.716,-136.695
96000,48000,1108.613073,1,0.000000618,-142.825,-136.804
96000,48000,1124.682650,0,0.000000612,-142.588,-136.567
96000,48000,1124.682650,1,0.000000587,-142.807,-136.787
96000,48000,1140.985159,0,0.000000532,-142.616,-136.595
96000,48000,1140.985159,1,0.000000489,-142.604,-136.584
96000,48000,1157.523977,0,0.000000446,-142.625,-136.604
96000,48000,1157.523977,1,0.000000464,-142.789,-136.769
96000,48000,1174.302528,0,0.000000381,-142.550,-136.530
96000,48000,1174.302528,1,0.000000375,-142.732,-136.711
96000,48000,1191.324287,0,0.000000297,-142.598,-136.578
96000,48000,1191.324287,1,0.000000283,-142.649,-136.629
96000,48000,1208.592780,0,0.000000202,-142.905,-136.884
96000,48000,1208.592780,1,0.000000178,-142.737,-136.716
96000,48000,1226.111584,0,0.000000085,-142.667,-136.646
96000,48000,1226.111584,1,0.000000136,-142.823,-136.802
96000,48000,1243.884327,0,-0.000000054,-142.868,-136.847
96000,48000,1243.884327,1,-0.000000013,-142.895,-136.874
96000,48000,1261.914689,0,-0.000000170,-142.761,-136.740
96000,48000,1261.914689,1,-0.000000151,-142.678,-136.657
96000,48000,1280.206405,0,-0.000000220,-142.806,-136.786
96000,48000,1280.206405,1,-0.000000296,-142.790,-136.769
96000,48000,1298.763263,0,-0.000000411,-142.547,-136.526
96000,48000,1298.763263,1,-0.000000404,-142.575,-136.554
96000,48000,1317.589107,0,-0.000000469,-142.560,-136.540
96000,48000,1317.589107,1,-0.000000489,-142.695,-136.675
96000,48000,1336.687835,0,-0.000000621,-142.693,-136.672
96000,48000,1336.687835,1,-0.000000607,-142.544,-136.524
96000,48000,1356.063403,0,-0.000000740,-142.690,-136.670
96000,48000,1356.063403,1,-0.000000727,-142.753,-136.733
96000,48000,1375.719825,0,-0.000000837,-142.743,-136.722
96000,48000,1375.719825,1,-0.000000855,-142.887,-136.866
96000,48000,1395.661170,0,-0.000000913,-142.780,-136.759
96000,48000,1395.661170,1,-0.000000893,-142.712,-136.691
96000,48000,1415.891569,0,-0.000000980,-142.816,-136.795
96000,48000,1415.891569,1,-0.000000931,-142.835,-136.815
96000,48000,1436.415212,0,-0.000001031,-142.699,-136.679
96000,48000,1436.415212,1,-0.000000996,-142.725,-136.704
96000,48000,1457.236349,0,-0.000001053,-142.846,-136.825
96000,48000,1457.236349,1,-0.000001063,-142.728,-136.707
96000,48000,1478.359293,0,-0.000001117,-142.768,-136.747
96000,48000,1478.359293,1,-0.000001137,-142.625,-136.605
96000,48000,1499.788419,0,-0.000001132,-142.788,-136.767
96000,48000,1499.788419,1,-0.000001133,-142.732,-136.712
96000,48000,1521.528164,0,-0.000001147,-142.718,-136.697
96000,48000,1521.528164,1,-0.000001146,-142.818,-136.797
96000,48000,1543.583031,0,-0.000001113,-142.777,-136.756
96000,48000,1543.583031,1,-0.000001114,-142.675,-136.654
96000,48000,1565.957588,0,-0.000001070,-142.805,-136.784
96000,48000,1565.957588,1,-0.000001087,-142.722,-136.702
96000,48000,1588.656469,0,-0.000001002,-142.765,-136.745
96000,48000,1588.656469,1,-0.000001027,-142.619,-136.598
96000,48000,1611.684376,0,-0.000000950,-142.703,-136.682
96000,48000,1611.684376,1,-0.000000941,-142.791,-136.771
96000,48000,1635.046076,0,-0.000000879,-142.606,-136.585
96000,48000,1635.046076,1,-0.000000878,-142.675,-136.654
96000,48000,1658.746409,0,-0.000000763,-142.934,-136.914
96000,48000,1658.746409,1,-0.000000778,-142.635,-136.614
96000,48000,1682.790283,0,-0.000000711,-142.774,-136.753
96000,48000,1682.790283,1,-0.000000649,-142.818,-136.797
96000,48000,1707.182679,0,-0.000000590,-142.799,-136.779
96000,48000,1707.182679,1,-0.000000558,-142.859,-136.838
96000,48000,1731.928647,0,-0.000000438,-142.609,-136.588
96000,48000,1731.928647,1,-0.000000430,-142.758,-136.737
96000,48000,1757.033313,0,-0.000000249,-142.824,-136.804
96000,48000,1757.033313,1,-0.000000274,-142.952,-136.931
96000,48000,1782.501876,0,-0.000000129,-142.835,-136.814
96000,48000,1782.501876,1,-0.000000105,-142.691,-136.670
96000,48000,1808.339612,0,0.000000048,-142.810,-136.790
96000,48000,1808.339612,1,0.000000019,-143.142,-137.122
96000,48000,1834.551871,0,0.000000200,-142.874,-136.853
96000,48000,1834.551871,1,0.000000234,-142.865,-136.844
96000,48000,1861.144082,0,0.000000438,-142.743,-136.722
96000,48000,1861.144082,1,0.000000390,-142.709,-136.689
96000,48000,1888.121753,0,0.000000510,-142.698,-136.677
96000,48000,1888.121753,1,0.000000503,-142.762,-136.741
96000,48000,1915.490470,0,0.000000627,-142.720,-136.699
96000,48000,1915.490470,1,0.000000657,-142.748,-136.728
96000,48000,1943.255903,0,0.000000699,-142.869,-136.848
96000,48000,1943.255903,1,0.000000698,-142.788,-136.767
96000,48000,1971.423802,0,0.000000759,-142.828,-136.807
96000,48000,1971.423802,1,0.000000753,-142.697,-136.676
96000,48000,2000.000000,0,0.000000544,-143.137,-137.117
96000,48000,2000.000000,1,0.000000544,-143.137,-137.117
96000,48000,2028.990416,0,0.000000767,-142.862,-136.841
96000,48000,2028.990416,1,0.000000801,-142.919,-136.898
96000,48000,2058.401054,0,0.000000805,-142.749,-136.728
96000,48000,2058.401054,1,0.000000777,-142.643,-136.623
96000,48000,2088.238006,0,0.000000709,-142.709,-136.689
96000,48000,2088.238006,1,0.000000678,-142.700,-136.680
96000,48000,2118.507450,0,0.000000593,-142.593,-136.573
96000,48000,2118.507450,1,0.000000571,-142.703,-136.683
96000,48000,2149.215657,0,0.000000494,-142.698,-136.678
96000,48000,2149.215657,1,0.000000510,-142.672,-136.652
96000,48000,2180.368985,0,0.000000379,-142.554,-136.533
96000,48000,2180.368985,1,0.000000397,-142.620,-136.600
96000,48000,2211.973887,0,0.000000194,-142.628,-136.608
96000,48000,2211.973887,1,0.000000202,-142.615,-136.595
96000,48000,2244.036909,0,0.000000047,-142.721,-136.700
96000,48000,2244.036909,1,0.000000056,-142.645,-136.624
96000,48000,2276.564691,0,-0.000000213,-142.651,-136.630
96000,48000,2276.564691,1,-0.000000157,-142.759,-136.739
96000,48000,2309.563969,0,-0.000000411,-142.770,-136.749
96000,48000,2309.563969,1,-0.000000392,-142.908,-136.888
96000,48000,2343.041580,0,-0.000000635,-142.759,-136.738
96000,48000,2343.041580,1,-0.000000623,-142.891,-136.870
96000,48000,2377.004455,0,-0.000000798,-142.800,-136.780
96000,48000,2377.004455,1,-0.000000784,-142.736,-136.715
96000,48000,2411.459629,0,-0.000000937,-142.786,-136.765
96000,48000,2411.459629,1,-0.000000986,-142.668,-136.648
96000,48000,2446.414238,0,-0.000001022,-142.651,-136.631
96000,48000,2446.414238,1,-0.000001027,-142.635,-136.614
96000,48000,2481.875522,0,-0.000001057,-142.678,-136.657
96000,48000,2481.875522,1,-0.000001047,-142.681,-136.661
96000,48000,2517.850824,0,-0.000001088,-142.860,-136.839
96000,48000,2517.850824,1,-0.000001107,-142.765,-136.744
96000,48000,2554.347595,0,-0.000001115,-142.771,-136.751
96000,48000,2554.347595,1,-0.000001085,-142.715,-136.695
96000,48000,2591.373395,0,-0.000001048,-142.730,-136.710
96000,48000,2591.373395,1,-0.000001053,-142.814,-136.794
96000,48000,2628.935892,0,-0.000000924,-142.703,-136.682
96000,48000,2628.935892,1,-0.000000968,-142.793,-136.772
96000,48000,2667.042864,0,-0.000000835,-142.768,-136.748
96000,48000,2667.042864,1,-0.000000752,-142.810,-136.789
96000,48000,2705.702206,0,-0.000000616,-142.799,-136.779
96000,48000,2705.702206,1,-0.000000660,-142.785,-136.764
96000,48000,2744.921922,0,-0.000000400,-142.639,-136.618
96000,48000,2744.921922,1,-0.000000381,-142.673,-136.652
96000,48000,2784.710136,0,-0.000000146,-142.933,-136.913
96000,48000,2784.710136,1,-0.000000157,-142.692,-136.672
96000,48000,2825.075089,0,0.000000163,-142.654,-136.634
96000,48000,2825.075089,1,0.000000179,-142.765,-136.745
96000,48000,2866.025140,0,0.000000424,-142.618,-136.598
96000,48000,2866.025140,1,0.000000391,-142.781,-136.760
96000,48000,2907.568771,0,0.000000617,-142.799,-136.778
96000,48000,2907.568771,1,0.000000653,-142.784,-136.764
96000,48000,2949.714586,0,0.000000761,-142.754,-136.734
96000,48000,2949.714586,1,0.000000750,-142.830,-136.809
96000,48000,2992.471312,0,0.000000802,-142.731,-136.710
96000,48000,2992.471312,1,0.000000795,-142.781,-136.760
96000,48000,3035.847806,0,0.000000832,-142.772,-136.751
96000,48000,3035.847806,1,0.000000834,-142.624,-136.604
96000,48000,3079.853052,0,0.000000764,-142.640,-136.619
96000,48000,3079.853052,1,0.000000793,-142.684,-136.663
96000,48000,3124.496163,0,0.000000653,-142.765,-136.744
96000,48000,3124.496163,1,0.000000643,-142.645,-136.625
96000,48000,3169.786385,0,0.000000497,-142.729,-136.709
96000,48000,3169.786385,1,0.000000531,-142.784,-136.763
96000,48000,3215.733098,0,0.000000254,-142.711,-136.691
96000,48000,3215.733098,1,0.000000288,-142.825,-136.804
96000,48000,3262.345818,0,-0.000000009,-142.936,-136.915
96000,48000,3262.345818,1,-0.000000016,-142.815,-136.794
96000,48000,3309.634200,0,-0.000000306,-142.793,-136.773
96000,48000,3309.634200,1,-0.000000312,-142.656,-136.635
96000,48000,3357.608036,0,-0.000000638,-142.705,-136.685
96000,48000,3357.608036,1,-0.000000635,-142.825,-136.804
96000,48000,3406.277263,0,-0.000000870,-142.871,-136.851
96000,48000,3406.277263,1,-0.000000893,-142.762,-136.741
96000,48000,3455.651961,0,-0.000001053,-142.771,-136.750
96000,48000,3455.651961,1,-0.000001038,-142.795,-136.774
96000,48000,3505.742355,0,-0.000001130,-142.729,-136.708
96000,48000,3505.742355,1,-0.000001093,-142.717,-136.697
96000,48000,3556.558820,0,-0.000001125,-142.700,-136.679
96000,48000,3556.558820,1,-0.000001118,-142.639,-136.618
96000,48000,3608.111880,0,-0.000000982,-142.686,-136.665
96000,48000,3608.111880,1,-0.000000983,-142.808,-136.787
96000,48000,3660.412213,0,-0.000000835,-142.794,-136.773
96000,48000,3660.412213,1,-0.000000824,-142.871,-136.850
96000,48000,3713.470649,0,-0.000000613,-142.893,-136.873
96000,48000,3713.470649,1,-0.000000594,-142.787,-136.767
96000,48000,3767.298179,0,-0.000000255,-142.785,-136.764
96000,48000,3767.298179,1,-0.000000266,-142.759,-136.738
96000,48000,3821.905950,0,0.000000153,-142.936,-136.915
96000,48000,3821.905950,1,0.000000130,-142.837,-136.817
96000,48000,3877.305272,0,0.000000504,-142.879,-136.859
96000,48000,3877.305272,1,0.000000475,-142.655,-136.634
96000,48000,3933.507619,0,0.000000808,-142.712,-136.691
96000,48000,3933.507619,1,0.000000794,-142.740,-136.719
96000,48000,3990.524630,0,0.000000894,-142.689,-136.668
96000,48000,3990.524630,1,0.000000928,-142.734,-136.713
96000,48000,4048.368115,0,0.000000942,-142.681,-136.661
96000,48000,4048.368115,1,0.000000911,-142.586,-136.565
96000,48000,4107.050053,0,0.000000851,-142.598,-136.578
96000,48000,4107.050053,1,0.000000878,-142.725,-136.704
96000,48000,4166.582598,0,0.000000609,-142.740,-136.720
96000,48000,4166.582598,1,0.000000611,-142.933,-136.913
96000,48000,4226.978080,0,0.000000309,-142.852,-136.831
96000,48000,4226.978080,1,0.000000325,-142.705,-136.684
96000,48000,4288.249006,0,0.000000002,-142.774,-136.753
96000,48000,4288.249006,1,-0.000000029,-142.989,-136.968
96000,48000,4350.408068,0,-0.000000486,-142.940,-136.919
96000,48000,4350.408068,1,-0.000000488,-142.855,-136.834
96000,48000,4413.468138,0,-0.000000847,-142.816,-136.796
96000,48000,4413.468138,1,-0.000000873,-142.894,-136.873
96000,48000,4477.442277,0,-0.000001094,-142.899,-136.878
96000,48000,4477.442277,1,-0.000001115,-142.805,-136.784
96000,48000,4542.343735,0,-0.000001160,-142.927,-136.906
96000,48000,4542.343735,1,-0.000001181,-142.926,-136.905
96000,48000,4608.185952,0,-0.000001076,-142.676,-136.655
96000,48000,4608.185952,1,-0.000001120,-142.584,-136.563
96000,48000,4674.982566,0,-0.000000842,-142.892,-136.872
96000,48000,4674.982566,1,-0.000000832,-142.820,-136.799
96000,48000,4742.747411,0,-0.000000471,-142.727,-136.707
96000,48000,4742.747411,1,-0.000000475,-142.780,-136.759
96000,48000,4811.494522,0,-0.000000022,-142.831,-136.810
96000,48000,4811.494522,1,-0.000000001,-142.886,-136.865
96000,48000,4881.238136,0,0.000000469,-142.826,-136.805
96000,48000,4881.238136,1,0.000000457,-142.822,-136.801
96000,48000,4951.992698,0,0.000000880,-142.725,-136.704
96000,48000,4951.992698,1,0.000000871,-142.863,-136.843
96000,48000,5023.772863,0,0.000001011,-142.660,-136.639
96000,48000,5023.772863,1,0.000000993,-142.596,-136.575
96000,48000,5096.593496,0,0.000000984,-142.618,-136.598
96000,48000,5096.593496,1,0.000000982,-142.576,-136.556
96000,48000,5170.469679,0,0.000000768,-142.798,-136.777
96000,48000,5170.469679,1,0.000000733,-142.592,-136.572
96000,48000,5245.416713,0,0.000000332,-142.732,-136.711
96000,48000,5245.416713,1,0.000000371,-142.731,-136.711
96000,48000,5321.450120,0,-0.000000153,-142.821,-136.800
96000,48000,5321.450120,1,-0.000000189,-142.728,-136.707
96000,48000,5398.585646,0,-0.000000747,-142.702,-136.681
96000,48000,5398.585646,1,-0.000000721,-142.839,-136.819
96000,48000,5476.839269,0,-0.000001053,-142.967,-136.947
96000,48000,5476.839269,1,-0.000001052,-142.990,-136.970
96000,48000,5556.227193,0,-0.000001191,-142.729,-136.709
96000,48000,5556.227193,1,-0.000001194,-142.772,-136.751
96000,48000,5636.765863,0,-0.000001134,-142.816,-136.796
96000,48000,5636.765863,1,-0.000001131,-142.787,-136.766
96000,48000,5718.471957,0,-0.000000788,-142.883,-136.862
96000,48000,5718.471957,1,-0.000000745,-142.987,-136.967
96000,48000,5801.362397,0,-0.000000252,-142.823,-136.802
96000,48000,5801.362397,1,-0.000000258,-142.855,-136.834
96000,48000,5885.454352,0,0.000000356,-142.816,-136.795
96000,48000,5885.454352,1,0.000000376,-142.712,-136.692
96000,48000,5970.765238,0,0.000000891,-142.695,-136.674
96000,48000,5970.765238,1,0.000000900,-142.651,-136.630
96000,48000,6057.312722,0,0.000001013,-142.712,-136.691
96000,48000,6057.312722,1,0.000001001,-142.632,-136.612
96000,48000,6145.114731,0,0.000000897,-142.672,-136.652
96000,48000,6145.114731,1,0.000000946,-142.735,-136.715
96000,48000,6234.189447,0,0.000000547,-142.629,-136.609
96000,48000,6234.189447,1,0.000000501,-142.558,-136.537
96000,48000,6324.555320,0,-0.000000099,-142.741,-136.720
96000,48000,6324.555320,1,-0.000000080,-142.561,-136.540
96000,48000,6416.231066,0,-0.000000768,-142.813,-136.792
96000,48000,6416.231066,1,-0.000000771,-142.628,-136.607
96000,48000,6509.235670,0,-0.000001210,-142.833,-136.813
96000,48000,6509.235670,1,-0.000001161,-142.806,-136.785
96000,48000,6603.588395,0,-0.000001208,-142.893,-136.872
96000,48000,6603.588395,1,-0.000001256,-142.678,-136.658
96000,48000,6699.308783,0,-0.000000910,-142.671,-136.650
96000,48000,6699.308783,1,-0.000000916,-142.706,-136.685
96000,48000,6796.416658,0,-0.000000358,-142.617,-136.596
96000,48000,6796.416658,1,-0.000000350,-142.656,-136.635
96000,48000,6894.932131,0,0.000000398,-142.573,-136.553
96000,48000,6894.932131,1,0.000000382,-142.683,-136.663
96000,48000,6994.875607,0,0.000000921,-142.739,-136.719
96000,48000,6994.875607,1,0.000000937,-142.728,-136.707
96000,48000,7096.267785,0,0.000001020,-142.586,-136.565
96000,48000,7096.267785,1,0.000001019,-142.628,-136.607
96000,48000,7199.129663,0,0.000000719,-142.737,-136.716
96000,48000,7199.129663,1,0.000000751,-142.620,-136.599
96000,48000,7303.482545,0,0.000000068,-142.553,-136.533
96000,48000,7303.482545,1,0.000000072,-142.523,-136.502
96000,48000,7409.348044,0,-0.000000652,-142.674,-136.653
96000,48000,7409.348044,1,-0.000000653,-142.573,-136.552
96000,48000,7516.748086,0,-0.000001254,-142.579,-136.558
96000,48000,7516.748086,1,-0.000001205,-142.575,-136.555
96000,48000,7625.704913,0,-0.000001204,-142.645,-136.624
96000,48000,7625.704913,1,-0.000001153,-142.543,-136.523
96000,48000,7736.241093,0,-0.000000784,-142.882,-136.862
96000,48000,7736.241093,1,-0.000000745,-142.723,-136.702
96000,48000,7848.379517,0,-0.000000016,-142.733,-136.713
96000,48000,7848.379517,1,-0.000000055,-142.642,-136.622
96000,48000,7962.143411,0,0.000000817,-142.773,-136.752
96000,48000,7962.143411,1,0.000000812,-142.659,-136.639
96000,48000,8077.556336,0,0.000001137,-142.841,-136.821
96000,48000,8077.556336,1,0.000001104,-142.760,-136.739
96000,48000,8194.642196,0,0.000000794,-142.637,-136.616
96000,48000,8194.642196,1,0.000000796,-142.777,-136.756
96000,48000,8313.425240,0,0.000000118,-142.788,-136.767
96000,48000,8313.425240,1,0.000000074,-142.812,-136.791
96000,48000,8433.930069,0,-0.000000799,-142.814,-136.794
96000,48000,8433.930069,1,-0.000000811,-142.763,-136.743
96000,48000,8556.181640,0,-0.000001349,-142.795,-136.774
96000,48000,8556.181640,1,-0.000001348,-142.747,-136.726
96000,48000,8680.205273,0,-0.000001071,-142.504,-136.484
96000,48000,8680.205273,1,-0.000001085,-142.716,-136.696
96000,48000,8806.026654,0,-0.000000310,-142.594,-136.573
96000,48000,8806.026654,1,-0.000000306,-142.618,-136.597
96000,48000,8933.671843,0,0.000000685,-142.861,-136.841
96000,48000,8933.671843,1,0.000000672,-142.839,-136.819
96000,48000,9063.167275,0,0.000001244,-142.869,-136.848
96000,48000,9063.167275,1,0.000001244,-142.844,-136.823
96000,48000,9194.539771,0,0.000000888,-142.769,-136.748
96000,48000,9194.539771,1,0.000000900,-142.772,-136.751
96000,48000,9327.816538,0,0.000000015,-142.756,-136.736
96000,48000,9327.816538,1,0.000000009,-142.810,-136.789
96000,48000,9463.025179,0,-0.000001034,-142.832,-136.812
96000,48000,9463.025179,1,-0.000001040,-142.799,-136.778
96000,48000,9600.193698,0,-0.000001434,-143.161,-137.140
96000,48000,9600.193698,1,-0.000001487,-143.104,-137.083
96000,48000,9739.350503,0,-0.000000862,-142.872,-136.851
96000,48000,9739.350503,1,-0.000000848,-142.786,-136.765
96000,48000,9880.524415,0,0.000000211,-142.943,-136.922
96000,48000,9880.524415,1,0.000000216,-142.728,-136.707
96000,48000,10023.744673,0,0.000001250,-142.604,-136.584
96000,48000,10023.744673,1,0.000001251,-142.675,-136.654
96000,48000,10169.040937,0,0.000001150,-142.699,-136.679
96000,48000,10169.040937,1,0.000001147,-142.737,-136.717
96000,48000,10316.443301,0,0.000000085,-142.696,-136.675
96000,48000,10316.443301,1,0.000000104,-142.673,-136.652
96000,48000,10465.982294,0,-0.000001162,-142.605,-136.584
96000,48000,10465.982294,1,-0.000001111,-142.698,-136.677
96000,48000,10617.688885,0,-0.000001608,-142.756,-136.735
96000,48000,10617.688885,1,-0.000001598,-142.785,-136.764
96000,48000,10771.594494,0,-0.000000734,-142.710,-136.690
96000,48000,10771.594494,1,-0.000000699,-142.776,-136.756
96000,48000,10927.730998,0,0.000000619,-142.719,-136.699
96000,48000,10927.730998,1,0.000000621,-142.727,-136.706
96000,48000,11086.130732,0,0.000001486,-142.825,-136.804
96000,48000,11086.130732,1,0.000001496,-142.780,-136.759
96000,48000,11246.826504,0,0.000000769,-142.631,-136.610
96000,48000,11246.826504,1,0.000000751,-142.546,-136.526
96000,48000,11409.851594,0,-0.000000856,-142.698,-136.677
96000,48000,11409.851594,1,-0.000000633,-142.741,-136.721
96000,48000,11575.239767,0,-0.000001727,-142.696,-136.676
96000,48000,11575.239767,1,-0.000001763,-142.629,-136.608
96000,48000,11743.025276,0,-0.000001011,-142.815,-136.794
96000,48000,11743.025276,1,-0.000001061,-142.691,-136.671
96000,48000,11913.242871,0,0.000000614,-142.570,-136.549
96000,48000,11913.242871,1,0.000000645,-142.779,-136.758
96000,48000,12085.927805,0,0.000001676,-142.808,-136.787
96000,48000,12085.927805,1,0.000001688,-142.582,-136.562
96000,48000,12261.115843,0,0.000000768,-142.801,-136.780
96000,48000,12261.115843,1,0.000000744,-142.807,-136.786
96000,48000,12438.843268,0,-0.000001075,-142.540,-136.520
96000,48000,12438.843268,1,-0.000001037,-142.700,-136.679
96000,48000,12619.146890,0,-0.000001886,-142.849,-136.829
96000,48000,12619.146890,1,-0.000001899,-142.728,-136.708
96000,48000,12802.064049,0,-0.000000486,-142.867,-136.847
96000,48000,12802.064049,1,-0.000000481,-142.735,-136.714
96000,48000,12987.632632,0,0.000001493,-142.830,-136.809
96000,48000,12987.632632,1,0.000001510,-142.827,-136.807
96000,48000,13175.891069,0,0.000001611,-142.793,-136.773
96000,48000,13175.891069,1,0.000001621,-142.649,-136.628
96000,48000,13366.878351,0,-0.000000462,-142.715,-136.695
96000,48000,13366.878351,1,-0.000000435,-142.753,-136.733
96000,48000,13560.634034,0,-0.000002138,-142.691,-136.671
96000,48000,13560.634034,1,-0.000002121,-142.790,-136.769
96000,48000,13757.198246,0,-0.000001038,-142.708,-136.687
96000,48000,13757.198246,1,-0.000000977,-142.775,-136.755
96000,48000,13956.611697,0,0.000001445,-142.646,-136.625
96000,48000,13956.611697,1,0.000001425,-142.663,-136.642
96000,48000,14158.915688,0,0.000001897,-142.760,-136.740
96000,48000,14158.915688,1,0.000001925,-142.718,-136.698
96000,48000,14364.152117,0,-0.000000707,-142.660,-136.639
96000,48000,14364.152117,1,-0.000000678,-142.619,-136.598
96000,48000,14572.363490,0,-0.000002448,-142.811,-136.791
96000,48000,14572.363490,1,-0.000002451,-142.830,-136.809
96000,48000,14783.592931,0,-0.000000540,-142.609,-136.588
96000,48000,14783.592931,1,-0.000000571,-142.809,-136.788
96000,48000,14997.884187,0,0.000002179,-142.770,-136.749
96000,48000,14997.884187,1,0.000002202,-142.625,-136.605
96000,48000,15215.281639,0,0.000001326,-142.691,-136.671
96000,48000,15215.281639,1,0.000001345,-142.733,-136.712
96000,48000,15435.830312,0,-0.000002096,-142.682,-136.661
96000,48000,15435.830312,1,-0.000002131,-142.603,-136.582
96000,48000,15659.575884,0,-0.000002141,-142.677,-136.656
96000,48000,15659.575884,1,-0.000002222,-142.537,-136.516
96000,48000,15886.564694,0,0.000001687,-142.655,-136.635
96000,48000,15886.564694,1,0.000001643,-142.717,-136.696
96000,48000,16116.843755,0,0.000002503,-142.706,-136.686
96000,48000,16116.843755,1,0.000002471,-142.629,-136.608
96000,48000,16350.460759,0,-0.000001707,-142.606,-136.585
96000,48000,16350.460759,1,-0.000001758,-142.832,-136.811
96000,48000,16587.464090,0,-0.000003005,-142.862,-136.842
96000,48000,16587.464090,1,-0.000002989,-142.649,-136.629
96000,48000,16827.902833,0,0.000001818,-142.646,-136.626
96000,48000,16827.902833,1,0.000001858,-142.765,-136.744
96000,48000,17071.826786,0,0.000002931,-142.660,-136.640
96000,48000,17071.826786,1,0.000002982,-142.629,-136.608
96000,48000,17319.286467,0,-0.000002730,-142.760,-136.739
96000,48000,17319.286467,1,-0.000002756,-142.665,-136.644
96000,48000,17570.333128,0,-0.000002715,-142.536,-136.515
96000,48000,17570.333128,1,-0.000002693,-142.614,-136.594
96000,48000,17825.018763,0,0.000003920,-142.501,-136.480
96000,48000,17825.018763,1,0.000003914,-142.497,-136.476
96000,48000,18083.396118,0,0.000001169,-142.746,-136.725
96000,48000,18083.396118,1,0.000001200,-142.773,-136.753
96000,48000,18345.518708,0,-0.000005252,-142.426,-136.405
96000,48000,18345.518708,1,-0.000005204,-142.499,-136.479
96000,48000,18611.440819,0,0.000002571,-142.576,-136.555
96000,48000,18611.440819,1,0.000002549,-142.537,-136.516
96000,48000,18881.217526,0,0.000003382,-142.614,-136.593
96000,48000,18881.217526,1,0.000003420,-142.661,-136.640
96000,48000,19154.904702,0,-0.000006561,-142.589,-136.568
96000,48000,19154.904702,1,-0.000006551,-142.648,-136.627
96000,48000,19432.559032,0,0.000006228,-142.605,-136.584
96000,48000,19432.559032,1,0.000006209,-142.608,-136.588
96000,48000,19714.238018,0,-0.000006608,-142.557,-136.536
96000,48000,19714.238018,1,-0.000006587,-142.601,-136.580
96000,48000,20000.000000,0,-0.000004019,-143.811,-137.790
96000,48000,20000.000000,1,-0.000004019,-143.811,-137.790
